parent1,Code_ID,Variety_ID,Accession_ID,genetic.group,genotypic.main,beta.Tnight.Flo,beta.Ri.Early,beta.Psi.Flo,leaf.em.rate,nbFF,silking.pot,GW.geno
11430_usda,3101,11430,11430_H,Iodent,0,2.2,-0.58,3739.37,0.2327675737,16,68.9901812628,308.7130912087
A3_inra,3102,A3,A3_H,Other,-1454.2,48.2,1.63,6482.3,0.2247209597,15.3333333333,72.3381728656,291.0897063391
A310_inra,3008,A310,A310_H,Other,-1238.7,105.5,-5.01,7058.63,0.2196090549,16.3333333333,69.9118085688,318.0420778
A347_inra,3013,A347,A347_H,Other,-3763.3,181.6,-2.88,9522.91,0.2257532643,15.6666666667,72.372091572,297.7892419783
A374_inra,3017,A374,A374_H,Other,1030.9,-10.6,-1.09,4609.36,0.2225557821,16.6666666667,72.0334742297,274.1825789696
A375_inra,3103,A375,A375_H,Other,-1120.9,71.9,-1.37,6133.51,0.221972757,15.6666666667,70.4173925249,292.4183568739
A554_inra,3221,A554,A554_H,Other,-1732.2,76.7,-1.64,7934.09,0.2308036255,15.3333333333,67.9055915613,292.0030461
AS5707_usda,3067,AS5707,AS5707_H,Lancaster,-2721.2,120.3,2.05,4943.26,0.2019420959,16.3333333333,75.3548075975,308.9112307783
B100_uh,3019,B100,B100_H,Lancaster,-2001.6,92.4,0.52,6345.38,0.2270313297,16,71.7449723422,318.8690282087
B104_inra,3029,B104,B104_H,Stiff_Stalk,-320.3,19.2,0.66,2814.98,0.2369164051,16.6666666667,74.6417302639,337.2965334478
B105_inra,3012,B105,B105_H,Other,-1644,55.4,2.32,4875.48,0.2344370603,15.6666666667,72.5464715617,321.1687585826
B106_inra,3066,B106,B106_H,Other,-1557.1,69.5,0.82,4267.95,0.2349248317,17.3333333333,75.5449114843,305.527208187
B107_inra,3053,B107,B107_H,Iodent,-648.6,41.3,-0.69,6106.31,0.1982903779,15.6666666667,73.0987016558,330.2785631739
B108_uh,3074,B108,B108_H,Other,-3820.6,162.6,1.66,5465.85,0.2264590989,17,72.2664292154,303.2823364304
B109_uh,3104,B109,B109_H,Stiff_Stalk,597.2,-7.2,0.46,1707.28,0.2216720825,15.5,72.4509179411,320.3518189478
B110_uh,3105,B110,B110_H,Stiff_Stalk,-2326.4,127.6,0.5,4691.14,0.2429282615,17,74.1654882128,328.5856307043
B113_uh,3059,B113,B113_H,Other,-453.8,37.9,1.1,2149.8,0.2276947721,17.3333333333,74.7071637192,281.8217590739
B37_inra,3085,B37,B37_H,Other,-817.9,39.1,0.89,2512.33,0.2224670241,16,75.2056497734,324.9158738087
B73_inra,3001,B73,B73_H,Stiff_Stalk,494.4,-10.2,1.04,1997.35,0.2284277796,16,72.5290120928,300.5839334696
B84_inra,3009,B84,B84_H,Stiff_Stalk,-403.4,49.4,-1.63,4585.04,0.2242313115,16.5,75.1486856722,328.1797661087
B89_inra,3030,B89,B89_H,Other,-2539.2,100.6,0.72,5993.97,0.2346234218,15,70.98450408,307.3211186435
B97_usa,3027,B97,B97_H,Other,-302.6,44.6,-0.61,4923.4,0.2183329329,16.5,72.9947145736,322.3667340913
B98_uh,3079,B98,B98_H,Other,-1199.5,47.2,3.63,201.82,0.2196571165,16,78.2852261898,299.8575020348
C103_inra,3106,C103,C103_H,Other,-2989.9,96.7,3,2228.22,0.2005834103,16.3333333333,79.9059448807,328.982335013
CO109_inra,3050,CO109,CO109_H,Other,-2213.1,104.8,-2.73,6782.96,0.2248860493,14.6666666667,68.4336675438,294.3420780304
CR1Ht_usda,3107,CR1Ht,CR1Ht_H,Lancaster,-2071.5,82.5,0.64,5318.49,0.2253382857,15.5,67.9492347887,328.9196739261
D09_uh,3108,D09,D09_H,Other,-582.9,49.3,-3.74,6278.77,0.2406231674,15.3333333333,66.5222939545,279.2951472478
DE811_inra,3109,DE811,DE811_H,Stiff_Stalk,-1068.8,43.3,2.27,4730.73,0.2158960304,16,75.9108866479,307.3231333478
DK4676A_usda,3097,DK4676A,DK4676A_H,Stiff_Stalk,-1457.5,76.8,-2.23,5975.94,0.2304872784,16,66.9633680277,336.5589936522
DK78010_usda,3110,DK78010,DK78010_H,Stiff_Stalk,-1073.9,65.1,-1.51,6144.44,0.2308396765,16.6666666667,68.5336164445,328.0890504652
DK78371A_usda,3056,DK78371A,DK78371A_H,Lancaster,-479.4,-3.7,2.22,2282.27,0.2084789919,16,73.9321529636,341.070051413
DKFAPW_usda,3111,DKFAPW,DKFAPW_H,Stiff_Stalk,307.1,0.9,-0.62,3329.11,0.2408810665,15.6666666667,69.9677004047,298.0250681565
DKFBHJ_usda,3081,DKFBHJ,DKFBHJ_H,Stiff_Stalk,-2057.3,91.2,-0.33,5399.12,0.235293464,16.3333333333,69.9987939307,313.9325562304
DKIBO2_usda,3112,DKIBO2,DKIBO2_H,Iodent,-1659.2,60.4,-0.23,6744.48,0.236787101,16,67.4935219994,321.6553345826
DKMBST_usda,3113,DKMBST,DKMBST_H,Lancaster,1620.7,-75.7,1.45,1700.61,0.2194161527,16.25,74.0707102126,318.2472680783
EM1027_inra,3120,EA1027,EA1027_H,Other,-2322.6,116.4,-2.9,6015.22,0.2118294816,16,73.7993475648,334.8071221913
EM1163_inra,3070,EA1163,EA1163_H,Other,-2471.5,101.6,-1.17,6476.69,0.2398559328,16,68.5166267752,282.480029387
EA3076_csic,3090,EA3076,EA3076_H,Other,-2313.4,103.9,0.45,4650.07,0.2464016638,17.3333333333,74.003788846,303.4096111435
EC136_ciam,3087,EC136,EC136_H,Stiff_Stalk,-2163.3,103.4,-1.03,3760.53,0.2227314455,15,67.4646121841,320.5913263522
EC140_ciam,3114,EC140,EC140_H,Stiff_Stalk,-472,22.6,0.83,4529.69,0.217196002,16,69.0793465282,290.8698312
EC151_ciam,3115,EC151,EC151_H,Stiff_Stalk,-19.4,29.8,-1.86,6052.17,0.2239991661,17,72.3708079677,286.2127347565
EC169_ciam,3116,EC169,EC169_H,Stiff_Stalk,1094.6,-40.9,-2.28,5256.74,0.2348444379,16.75,69.3005828244,289.5676056913
EC175_ciam,3117,EC175,EC175_H,Stiff_Stalk,-994.5,22.6,0.2,7305.79,0.2401159304,16.3333333333,71.322006016,291.9513226652
EC232_ciam,3033,EC232,EC232_H,Other,-1879.8,88,-1.98,7951.86,0.2331738999,16,68.734074024,322.9827289304
EC242C_ciam,3118,EC242C,EC242C_H,Iodent,1057.9,-31.6,-2.02,5981.83,0.2354176607,17,66.9648800986,306.2217537609
EC334_ciam,3119,EC334,EC334_H,Other,-1204.6,45.5,1.05,6449.63,0.2441667039,16.3333333333,74.1083584964,310.672502287
EP10_csic,3092,EP10,EP10_H,Other,-1609.8,83.7,-3.38,4182.04,0.2300369722,15.3333333333,70.4908957944,301.6479496435
EP2008-18_csic,3035,EP2008-18,EP2008-18_H,Lancaster,-1801.2,94.4,-0.27,4000.07,0.2128987415,15,71.1299279359,328.4272444043
EP2008-22_csic,3121,EP2008-22,EP2008-22_H,Lancaster,-2471.4,118.7,-1.92,6262.49,0.2259809557,14.6666666667,69.311701393,339.3485050391
EP29_csic,3098,EP29,EP29_H,Other,-406.7,43.1,-1.08,3244.73,0.2292865976,16,70.0223097784,307.3527974478
EP51_csic,3076,EP51,EP51_H,Other,-2114.6,82.6,0.04,5513.62,0.2324710597,16.3333333333,68.3276106456,321.8469712913
EP52_csic,3014,EP52,EP52_H,Other,-401.4,39.7,-2.24,5051.62,0.2346071365,15.3333333333,71.854680606,330.5542563913
EP55_csic,3078,EP55,EP55_H,Other,-2184,109.6,-1.62,7184.51,0.2279083374,16,71.1665174123,281.0008380522
EP67_csic,3122,EP67,EP67_H,Other,-840.4,47.6,-2.22,5559.38,0.2273762934,15.25,69.1575745796,287.3679096391
EP72_csic,3123,EP72,EP72_H,Other,-188,14.8,-0.79,4226.6,0.2083170861,16,74.6581428478,245.8751187217
EP77_csic,3124,EP77,EP77_H,Other,-1426.4,70.5,-0.37,2282.79,0.2380576882,15,68.0031694607,265.7578400478
EZ11A_csic,3020,EZ11A,EZ11A_H,Other,-1461,94.8,-0.12,2968.58,0.2038923492,15.6666666667,73.6465538748,323.4545109304
EZ18_csic,3125,EZ18,EZ18_H,Other,-1203.3,75.5,0.11,2608.27,0.211301718,15.6666666667,79.6705616302,309.8145577609
EZ31_csic,3126,EZ31,EZ31_H,Stiff_Stalk,-358.3,4.5,1.66,2158.48,0.2395357778,17,73.7444323847,309.1119265217
EZ35_csic,3127,EZ35,EZ35_H,Other,-1010.5,39,1.58,4329.4,0.2250620605,15.75,72.2045656911,304.6801979609
EZ36_csic,3128,EZ36,EZ36_H,Other,-2756.7,144.2,0.51,5486.75,0.21675017,16,73.3382269567,295.6789398087
EZ37_csic,3021,EZ37,EZ37_H,Stiff_Stalk,749.1,-8,-1.79,2945.71,0.2402672417,17.3333333333,72.8050504924,315.1653379652
EZ38_csic,3129,EZ38,EZ38_H,Other,-585,33,0.2,4376.07,0.2225701546,16.3333333333,75.7810394385,316.8766808565
EZ40_csic,3044,EZ40,EZ40_H,Stiff_Stalk,-722.9,44.5,0.57,6173.53,0.2186875395,16,71.7820087482,296.8555367609
EZ42_csic,3130,EZ42,EZ42_H,Stiff_Stalk,-94,11.3,0.23,5416.88,0.234603191,16.6666666667,72.029707919,307.090036887
EZ47_csic,3006,EZ47,EZ47_H,Other,-3289.9,123,3.55,7069.66,0.2265281529,15.25,70.9424378484,303.4647670696
EZ48_csic,3132,EZ48,EZ48_H,Stiff_Stalk,353.4,-9.2,0.88,2241.99,0.203175972,16,78.7661551452,314.2785297043
F04401_inra,3134,F04401,F04401_H,Iodent,-475.6,43,-2.19,7085.86,0.2175700567,16.3333333333,68.2639791758,323.1636949217
F04402_inra,3135,F04402,F04402_H,Iodent,-1199.7,57.3,-1.16,7223.35,0.2135190609,16,67.7161740378,346.4073002957
F04701_inra,3136,F04701,F04701_H,Lancaster,-311.3,9.1,0.84,2991.88,0.1975342308,15,72.4706203275,331.2083095609
F04702_inra,3137,F04702,F04702_H,Lancaster,248.1,-21,-0.01,3626.47,0.2097515456,15.3333333333,71.194641155,332.0452080913
F05101_inra,3138,F05101,F05101_H,Stiff_Stalk,28.2,10.1,-1.02,5869.13,0.2395456227,16.3333333333,69.0072717333,320.8372709478
F05404_inra,3139,F05404,F05404_H,Iodent,-760.4,37.8,1.21,6052,0.225358253,16,70.0960137737,306.2200337609
F1808_inra,3022,F1808,F1808_H,Stiff_Stalk,-841,53.9,-1.49,5688.32,0.2226086756,16,68.583945747,325.3783703
FC1890_inra,3016,F1890,F1890_H,Iodent,-652.6,41.9,-1.01,7351.19,0.2282255394,15.75,70.5554303915,323.0685291739
FV218_inra,3152,F218,F218_H,Other,-1935,97.2,-4.45,9316.79,0.2310947838,15,67.8068748945,317.9836473696
FV252_inra,3153,F252,F252_H,Other,-3206.6,138.8,-3.29,9707.38,0.2277079813,15,65.4144622223,277.2171294478
FV353_inra,3086,F353,F353_H,Iodent,-1131.6,54.4,-2.09,7481.21,0.2285995061,15.25,67.5830433929,312.8032035652
FV354_inra,3154,F354,F354_H,Other,-2679.5,129.5,-1.23,10905.04,0.2157373802,15.3333333333,67.9507676185,269.5099398522
F608_inra,3140,F608,F608_H,Other,-1554.4,63.3,1.87,5626.24,0.2148330901,15,71.2845980737,277.778933287
F618_inra,3141,F618,F618_H,Other,479.6,-9.4,-1.43,5067.64,0.2320300396,15.5,70.8142355131,326.4783109957
F7001_inra,3040,F7001,F7001_H,Other,-470.3,40.3,-1.07,5106.26,0.2327443961,17,72.8368031884,281.3599735783
F7019_inra,3142,F7019,F7019_H,Other,-1130.7,62.7,-1.97,6371.03,0.2306811622,16,67.8476136825,309.9932679609
F7025_inra,3049,F7025,F7025_H,Stiff_Stalk,-1335.3,61.4,-0.56,5451.34,0.2326177572,16,69.2430378582,307.0568094348
F7028_inra,3015,F7028,F7028_H,Other,-111.5,35.2,-0.89,3330.89,0.2201133155,16,70.636409842,269.3120388478
F7057_inra,3144,F7057,F7057_H,Other,-945.5,47.7,-0.24,5462.61,0.220818895,15.5,69.7670422375,288.3938772217
F7058_inra,3143,F7058,F7058_H,Other,-535.5,37.8,-2.1,5763.22,0.2280713827,16,69.7185343796,292.1072904826
F7081_inra,3036,F7081,F7081_H,Other,162.8,16.4,-2.57,5247.06,0.2351019859,16.75,71.9798332772,307.9881371957
F7082_inra,3145,F7082,F7082_H,Other,-771.5,47.8,-2.87,7718.91,0.2343414798,15.75,68.8602042354,299.7729570304
F712_inra,3057,F712,F712_H,Other,421.9,0.9,-0.91,4552.65,0.2307624511,17,73.5686134162,283.3384051696
F748_inra,3054,F748,F748_H,Lancaster,-1335,55.2,1.59,4741.68,0.2198091301,15.6666666667,73.2996669452,304.1253776043
F752_inra,3146,F752,F752_H,Other,-2166.2,89,2.37,4395.44,0.2159814846,16.3333333333,75.085209967,307.5402404565
F838_inra,3028,F838,F838_H,Other,-934.8,68.3,-0.26,4206.11,0.2153932614,16.6666666667,74.0439917819,287.3404068174
F874_inra,3147,F874,F874_H,Other,-1808.2,78.5,-3.43,8086.26,0.2273826105,14.6666666667,67.0256015791,318.290757713
F888_inra,3148,F888,F888_H,Other,-1159.5,30.7,2.07,4359.99,0.2413350945,16.5,71.6041493238,292.8883267478
F894_inra,3010,F894,F894_H,Other,-684.4,41.7,0.31,3682.61,0.2308481482,17.3333333333,74.0022993114,310.2531183739
F908_inra,3149,F908,F908_H,Other,-1044.6,45.2,-1.16,5636.43,0.2261660534,16,68.2051275852,292.1116112913
F912_inra,3011,F912,F912_H,Iodent,-550.5,18.6,0.85,6779.88,0.2155567339,15,69.9597871752,300.5391824609
F918_inra,3065,F918,F918_H,Other,-708,56.8,-2.08,5392.82,0.2341479685,16.75,72.5088921133,336.4625504565
F922_inra,3150,F922,F922_H,Other,91.8,12,-1.4,7002.19,0.2201818143,16,68.848233915,289.0052082957
F924_inra,3043,F924,F924_H,Stiff_Stalk,-542.7,38.6,0.73,4861.51,0.2175044362,16.3333333333,69.4289638037,304.4919902174
F98902_inra,3084,F98902,F98902_H,Iodent,275.9,-17.6,0.8,5073.81,0.2350390812,15.75,69.2924267916,308.1815245913
FP1_inra,3151,FP1,FP1_H,Other,-1237.5,72.1,-0.69,3516.95,0.2432941835,15.25,70.1420861283,280.7911841348
FR19_usda,3018,FR19,FR19_H,Other,-1690.8,86.4,-0.87,4454.63,0.2281055225,15.6666666667,72.5027561872,290.4099049913
FR697_ifsi,3222,FR697,FR697_H,Lancaster,-988.6,36,1.28,4335.99,0.2149859678,15.5,73.8782846535,344.5825175348
H99_inra,3155,H99,H99_H,Lancaster,-1582.7,78.9,-0.69,5214.15,0.2300721969,15.6666666667,72.3037766464,312.2610516261
HMV5301_Martonvasar,3156,HMV5301,HMV5301_H,Iodent,-1774.3,89.4,-0.83,6962.74,0.2232370452,15.3333333333,69.2287288784,365.1617961565
HMV5325_Martonvasar,3058,HMV5325,HMV5325_H,Stiff_Stalk,-937.6,52.2,-0.19,7387.83,0.2250252744,16.3333333333,69.1513229486,299.5294465043
HMV5343_Martonvasar,3157,HMV5343,HMV5343_H,Stiff_Stalk,-1106.6,74.5,-2.16,5437.51,0.2248687532,16.3333333333,68.6143698257,328.8330904043
HMV5347_Martonvasar,3158,HMV5347,HMV5347_H,Stiff_Stalk,-2917.5,144.8,-1.63,8313.45,0.2357350903,16.3333333333,68.4070431395,329.2040577913
HMV5405_Martonvasar,3042,HMV5405,HMV5405_H,Iodent,-592.3,43.5,-1.46,6512.91,0.2261379863,16.6666666667,69.0903851732,338.1846273913
HMV5409_Martonvasar,3159,HMV5409,HMV5409_H,Other,-1652.6,85,-1.65,6723.12,0.2333947511,16,69.3525122847,347.3456522087
HMV5422_Martonvasar,3037,HMV5422,HMV5422_H,Stiff_Stalk,-839.9,55.8,1.01,5933.69,0.2148732482,16.3333333333,71.6990608815,298.9222341609
HMV5502_Martonvasar,3160,HMV5502,HMV5502_H,Iodent,-837.9,62,-0.62,4624.52,0.24265637,17.3333333333,73.8765262573,317.4550468261
I198_inra,3161,I198,I198_H,Other,-2268.7,103.4,1.73,4622.52,0.2165358485,15.6666666667,76.8212859684,282.9901405217
I233_inra,3164,I233,I233_H,Other,-2146,85.5,3.82,3163.03,0.2162924398,15.6666666667,80.5479644526,304.6509034043
I238_inra,3165,I238,I238_H,Other,254.7,14.9,0.84,1005.46,0.2233245092,16.3333333333,73.908915571,271.0057012478
I242_inra,3166,I242,I242_H,Other,-3094,126.4,2.12,5203.63,0.2303207882,16,74.7101485381,292.7157129087
I261_inra,3167,I261,I261_H,Other,-1069.3,62,-0.48,4249.32,0.2241751652,15.6666666667,74.438431136,298.5115827826
I267_inra,3168,I267,I267_H,Other,-3119.9,142.8,0.6,4718.48,0.224331202,17.3333333333,75.7625696851,300.8237088043
IDT_inra,3169,IDT,IDT_H,Other,-2785.7,122.5,0.01,4612.42,0.2184414208,16,74.4171504999,341.9497354391
LAN496_inra,3034,LAN496,LAN496_H,Other,-232.6,-1.4,-0.14,4591.56,0.2433374655,16.75,74.5610894233,290.7906145217
LH123Ht_usda,3170,LH123Ht,LH123Ht_H,Lancaster,-898.5,28,3.47,3861.1,0.2146811948,15.3333333333,75.9020244002,303.3743122783
LH145_usda,3060,LH145,LH145_H,Stiff_Stalk,-787.6,46.6,-1.94,6718.37,0.2416890796,16,70.2420914267,290.6254167522
LH38_usda,3024,LH38,LH38_H,Lancaster,107.9,8.4,-1.74,5072.03,0.2200244371,15.5,70.2160426728,322.412173587
LH39_usda,3171,LH39,LH39_H,Lancaster,-114.5,-8.8,0.8,6033.35,0.2269727082,15,67.7406188273,309.2202600217
LH59_usda,3172,LH59,LH59_H,Lancaster,-2320.7,87.9,2.72,3744.25,0.2067716054,15.6666666667,73.5607045018,321.1144350043
LH60_usda,3173,LH60,LH60_H,Lancaster,-2532.3,118.8,1.94,5893.1,0.2097613762,15.75,74.8274431231,321.608041313
LH65_usda,3174,LH65,LH65_H,Lancaster,-229.1,3.1,1.37,4108.81,0.2037994265,15.25,75.9767533048,333.8572324826
LH74_inra,3041,LH74,LH74_H,Stiff_Stalk,-347.8,24.4,0.29,2987.53,0.2338952259,16,71.3038783816,308.3042902391
LH82_inra,3072,LH82,LH82_H,Other,1053.3,-15,-1.38,5052.23,0.2200729546,16,69.0467309992,276.0323475174
LH93_usda,3100,LH93,LH93_H,Other,-1708.8,84.3,2.18,4505.6,0.201185543,16.3333333333,75.9987730747,296.0150905826
Lo1016_bergamo,3175,Lo1016,Lo1016_H,Stiff_Stalk,723.3,5.7,0.22,1033.93,0.2230144014,15.3333333333,74.8854575995,311.4780685826
Lo1026_bergamo,3176,Lo1026,Lo1026_H,Stiff_Stalk,-1241,66.7,2.33,3139,0.2294076589,16,72.5759344612,302.7767177652
Lo1035_bergamo,3177,Lo1035,Lo1035_H,Lancaster,-1582.9,73.3,2.2,4531.14,0.2255395697,17,75.3194789666,321.2557655913
Lo1038_bergamo,3178,Lo1038,Lo1038_H,Other,-782.6,51.5,3.64,-386.18,0.2170607416,17,77.1607447133,307.5580606652
Lo1056_bergamo,3179,Lo1056,Lo1056_H,Lancaster,-1444.3,82.8,1.77,3724,0.20439139,16,78.6863606904,313.6900439826
Lo1063_bergamo,3180,Lo1063,Lo1063_H,Stiff_Stalk,784.8,4.6,-0.58,2286.4,0.2142250661,16.6666666667,75.2520519168,307.4103019565
Lo1087_bergamo,3181,Lo1087,Lo1087_H,Stiff_Stalk,312.4,13.3,2.13,144.14,0.2108625913,17,77.7838889016,322.9951204913
Lo1094_bergamo,3182,Lo1094,Lo1094_H,Stiff_Stalk,1537.3,-49.5,0.84,3112.15,0.2247801986,16,72.689394912,299.7135547087
Lo1095_bergamo,3183,Lo1095,Lo1095_H,Iodent,679.5,-21.8,1.06,3899.62,0.2209623999,16.6666666667,74.5866572205,330.1174538913
Lo1101_bergamo,3184,Lo1101,Lo1101_H,Stiff_Stalk,-1284.6,77.6,0.88,3881.43,0.2238220603,16.5,70.2208184017,326.1108067043
Lo1106_bergamo,3185,Lo1106,Lo1106_H,Stiff_Stalk,331.1,-4.2,2.31,95.59,0.2248495471,15.6666666667,73.3979525498,325.7874426435
Lo1123_bergamo,3186,Lo1123,Lo1123_H,Iodent,-1040.5,49.2,0.36,5556.76,0.2263873246,16.3333333333,69.6878591132,325.1378931696
Lo1124_bergamo,3187,Lo1124,Lo1124_H,Lancaster,-191.7,12.8,0.23,4121.92,0.2114598614,15.6666666667,74.1225420478,342.2285219826
Lo1172_bergamo,3189,Lo1172,Lo1172_H,Other,-1926,111,0.76,5168.02,0.213841411,15.6666666667,72.9294385679,315.5424839174
Lo1180_bergamo,3190,Lo1180,Lo1180_H,Iodent,-186.8,27.5,-1.21,6287.37,0.2235100962,17,70.1764557656,309.9130672478
Lo1187_bergamo,3191,Lo1187,Lo1187_H,Stiff_Stalk,-785.4,35.7,2.38,4480.14,0.2324870822,15.75,72.2361818907,305.863950013
Lo1199_bergamo,3192,Lo1199,Lo1199_H,Stiff_Stalk,1000.7,-28.3,2.23,1007.04,0.230862736,16.5,73.0190226739,308.3759499783
Lo1203_bergamo,3193,Lo1203,Lo1203_H,Lancaster,236.6,-2.2,2.71,2465.74,0.2155841355,16,72.9473276531,295.8842639087
Lo1223_bergamo,3194,Lo1223,Lo1223_H,Stiff_Stalk,-1196.3,71.5,2.65,3126.17,0.2241083427,16,72.0946317853,324.3939147783
Lo1242_bergamo,3195,Lo1242,Lo1242_H,Lancaster,-725.4,26.9,1.88,4833.26,0.2116429881,15,72.6030842916,321.3408755217
Lo1251_bergamo,3196,Lo1251,Lo1251_H,Stiff_Stalk,180.8,-5.6,3.81,388.28,0.2202853859,16.3333333333,76.5929753305,325.008886987
Lo1253_bergamo,3197,Lo1253,Lo1253_H,Stiff_Stalk,-736.5,37.2,2.14,4273,0.2245253305,17,73.3244991681,332.2025438739
Lo1261_bergamo,3198,Lo1261,Lo1261_H,Stiff_Stalk,-1210.6,82,1.74,4306.53,0.2221247144,16,74.5103437776,317.881564687
Lo1266_bergamo,3199,Lo1266,Lo1266_H,Iodent,-642.5,57.6,-0.24,5584.14,0.2204234466,17,72.971726761,333.8298247652
Lo1270_bergamo,3200,Lo1270,Lo1270_H,Lancaster,273.3,1.8,0.81,3887.69,0.2113711436,16,77.3017268345,324.0209876739
Lo1273_bergamo,3201,Lo1273,Lo1273_H,Iodent,-1831.2,112,-1.64,6478.24,0.2249390153,16,72.483598354,336.8293382522
Lo1274_bergamo,3202,Lo1274,Lo1274_H,Lancaster,-868.1,16.3,2.16,4640.19,0.2290794755,16,72.2273687929,328.5473545087
Lo1280_bergamo,3203,Lo1280,Lo1280_H,Lancaster,-1833.4,84.7,0.27,4960.15,0.2144576049,15.5,74.3449777375,358.4054616348
Lo1282_bergamo,3204,Lo1282,Lo1282_H,Lancaster,-1430.1,69.2,1.95,1840.54,0.2114473213,16,76.4401632938,340.0809903609
Lo1284_bergamo,3205,Lo1284,Lo1284_H,Lancaster,-506.7,11.4,1.4,4551.74,0.2106109703,15.5,73.0450521214,343.3585348174
Lo1288_bergamo,3206,Lo1288,Lo1288_H,Lancaster,-211.5,60.1,-0.63,2810.6,0.1993184644,15.3333333333,74.8920568348,332.2033023304
Lo1290_bergamo,3207,Lo1290,Lo1290_H,Lancaster,-1291.4,67.3,1.65,2820.18,0.2257867189,16.3333333333,74.0782371385,330.8601198391
Lo1301_bergamo,3209,Lo1301,Lo1301_H,Stiff_Stalk,206.8,12.3,2.2,2917.07,0.2148967574,16.3333333333,71.7318647844,300.598518087
Lo904_bergamo,3210,Lo904,Lo904_H,Stiff_Stalk,617.7,-9.6,1.54,2009.5,0.2249553242,16,72.380755239,316.2106580261
Lp5_usda,3069,Lp5,Lp5_H,Stiff_Stalk,123.1,5.4,0.59,3248.43,0.2363207284,16.3333333333,67.777741397,302.6206444783
ML606_usda,3080,ML606,ML606_H,Lancaster,-133.7,28.9,-1.62,6041.39,0.2323345312,16,70.8879066677,319.0611693652
Mo15W_inra,3211,Mo15W,Mo15W_H,Other,-3208.1,143.9,0.76,5122.82,0.2219067982,16.6666666667,78.1968639515,330.0273125087
Mo17_inra,3046,Mo17,Mo17_H,Lancaster,-3245.1,128.9,1.93,5268.93,0.2063101424,15,76.0047357939,349.9272981913
MS153_inra,3007,MS153,MS153_H,Other,-205.8,20.4,-3.05,5793.43,0.23426047,16,70.9152561699,330.7202798739
MS71_uh,3096,MS71,MS71_H,Other,-994,48.7,-1.24,6100.07,0.2309156984,15.5,70.5408119611,300.0101629783
N16_inra,3212,N16,N16_H,Other,-2919.3,146,1.23,4981.81,0.2150915139,16,77.5546483449,271.331410213
N192_usa,3213,N192,N192_H,Stiff_Stalk,-1689.3,89.4,0.36,3874.39,0.2401678228,15.6666666667,69.880252085,310.2954785652
N22_inra,3214,N22,N22_H,Other,-2626.7,116.7,1.83,2409.58,0.2209103667,16,73.9323973339,288.9079884652
N25_inra,3052,N25,N25_H,Other,-1683,51.5,1.52,2504.71,0.2227599723,16,78.5403360872,322.2694588696
N6_inra,3064,N6,N6_H,Other,-2360.3,116.7,-0.61,5540.07,0.2371209544,16.75,74.4309724702,302.7321251217
NC290_uh,3031,NC290,NC290_H,Lancaster,-844.3,25.9,1.81,2218.05,0.2203921705,16.75,75.6165038625,332.9101586391
NC358_uh,3099,NC358,NC358_H,Other,-1306.8,43.7,4.98,1492.68,0.2187762627,16.6666666667,76.2703862867,279.2352572391
NDB8_inra,3094,NDB8,NDB8_H,Other,-1369.4,75,-3.26,7202.01,0.228017387,17,68.5095868173,308.0244332739
NK764_usda,3215,NK764,NK764_H,Stiff_Stalk,-1659.1,73.8,1.35,5791.06,0.2294952917,14.6666666667,68.5435339494,297.8540625
NK807_usda,3216,NK807,NK807_H,Other,-1516.9,80.8,-1.16,5327.15,0.2303330351,15.3333333333,67.823126441,309.3937751913
NQ508_usda,3217,NQ508,NQ508_H,Iodent,-186.2,-1.8,1.71,4923.98,0.2275295788,16,73.0220272028,323.0005865304
NS701_usda,3218,NS701,NS701_H,Stiff_Stalk,-1351.4,79.2,0.75,3249.72,0.2271634386,16.6666666667,72.7119118594,322.0761751261
Oh02_inra,3025,Oh02,Oh02_H,Other,-2109.3,95,0.25,6737.09,0.2295523398,16,75.9782962422,318.580330887
Oh33_inra,3005,Oh33,Oh33_H,Other,-1808.6,77.4,0.63,3924.73,0.2261520046,15.75,70.8240471159,281.1359688609
Oh40B_inra,3219,Oh40B,Oh40B_H,Lancaster,1266,-66.6,0.6,1442.84,0.2171161395,15,73.2303983828,318.0066886478
Oh43_inra,3003,Oh43,Oh43_H,Lancaster,-302.6,14.3,0.61,4854.41,0.2145229542,15.25,71.3195436513,307.7660043478
Os426_inra,3038,Os426,Os426_H,Other,-3086.2,151.8,-1.88,7813.33,0.2302253472,15.75,75.5501229157,318.5576246174
P465P_inra,3220,P465P,P465P_H,Other,-610.1,23.5,1.36,5596.2,0.2124578787,15,73.8776337577,292.2985561696
Pa36_inra,3208,Pa36,Pa36_H,Other,-2098.3,89.6,-2.66,8288.38,0.2158691863,15,67.5471444449,260.3452071826
Pa405_uh,3023,Pa405,Pa405_H,Other,-2079.2,104.1,-1.11,5066.73,0.2112755285,15.5,72.8445177911,282.5180766
Pa91_inra,3089,Pa91,Pa91_H,Other,12.4,-6.6,1.93,1315.9,0.215699949,16,77.2186051359,333.5126362435
PB116_inra,3062,PB116,PB116_H,Other,-2425.6,107.8,-0.48,6746.91,0.2155892427,16,71.3075372768,279.2714637957
PB98TR_inra,3061,PB98TR,PB98TR_H,Other,-717.4,40,-1.36,5603.62,0.2151026805,16.3333333333,76.7854114399,305.101187387
PH207_usda,3002,PH207,PH207_H,Iodent,-368.1,20.1,-1.35,7143.24,0.2241106351,15.3333333333,68.7156121816,317.8717604348
PHB09_usda,3083,PHB09,PHB09_H,Stiff_Stalk,-984.2,49.4,0.01,3843.29,0.2275965788,16,70.6672602029,334.1507390609
PHG35_usda,3223,PHG35,PHG35_H,Iodent,-38.7,38.6,-0.96,5202.66,0.2155451788,16,75.0158983218,331.3824790783
PHG39_usda,3039,PHG39,PHG39_H,Stiff_Stalk,-699.2,56.2,-0.29,4018.17,0.2247076116,17,73.0748745866,325.6084256913
PHG47_usda,3082,PHG47,PHG47_H,Lancaster,1828.8,-85.9,-0.21,4350.83,0.2138395226,15.3333333333,67.9523484005,301.6516078043
PHG50_usda,3224,PHG50,PHG50_H,Iodent,-530.5,26.7,0.01,6136.96,0.2237092157,15.3333333333,69.1083073054,307.7912688435
PHG71_usda,3225,PHG71,PHG71_H,Iodent,-2005.9,104.7,-1.4,7094.5,0.2405365397,16,69.1158414082,316.9819369522
PHG80_usda,3226,PHG80,PHG80_H,Stiff_Stalk,1005,-38.5,-0.07,3957.03,0.230275975,17.3333333333,70.3092860335,334.868888887
PHG83_usda,3051,PHG83,PHG83_H,Iodent,-956.1,12.4,2.24,5833.98,0.2213284192,17,72.9238877718,337.4586302522
PHG84_usda,3227,PHG84,PHG84_H,Lancaster,-1726.2,68,3.04,4171.81,0.2099240205,15.75,74.5613666046,324.1567588957
PHG86_usda,3055,PHG86,PHG86_H,Stiff_Stalk,454.1,-2.1,0.44,3237.67,0.2288240547,16,72.2181607851,307.3140020913
PHH93_usda,3077,PHH93,PHH93_H,Iodent,-175.7,0.1,-0.35,6213.07,0.2265400287,16,69.0695347836,306.9982101087
PHJ40_usda,3228,PHJ40,PHJ40_H,Lancaster,130.1,-10.1,-1,5563.68,0.2242821504,15.25,67.6906381782,309.4585455913
PHK29_usda,3229,PHK29,PHK29_H,Stiff_Stalk,208.5,-1.2,1.91,2504.27,0.2330424367,16.5,73.0481426253,320.8737540565
PHK76_usda,3091,PHK76,PHK76_H,Lancaster,-1549.7,82.1,-0.32,6926.69,0.2056006623,15,69.5139575471,320.5597594696
PHR36_usda,3230,PHR36,PHR36_H,Other,-1301.5,67.9,1.18,5180.41,0.2270413261,16,72.8330753086,295.6273939652
PHT77_usda,3231,PHT77,PHT77_H,Lancaster,338.2,-28.2,2.49,3069.47,0.225758729,16.3333333333,72.592526396,304.1946002696
PHV63_usda,3232,PHV63,PHV63_H,Stiff_Stalk,-555.3,38.5,2.02,3548.87,0.225331066,16,73.445584376,293.5169931652
PHW65_usda,3233,PHW65,PHW65_H,Lancaster,-266.7,32.6,0.08,5172.17,0.2049951153,16,74.6023468196,323.1508357696
PHZ51_usda,3234,PHZ51,PHZ51_H,Lancaster,-1094.3,37.3,2.71,4006.82,0.2377084755,17.25,74.3577527217,314.6095464435
SC-Malawi_cim,3235,SC-Malawi,SC-Malawi_H,Other,-1014.8,37.4,1.27,2145.62,0.2465426162,17.3333333333,78.8910784324,358.783845887
SGI061_ifsi,3256,SGI061,SGI061_H,Iodent,249.6,6.4,-0.52,4564.83,0.2267366067,15.3333333333,69.6876691238,323.7085231391
UH_2500_uh,3236,UH_2500,UH_2500_H,Other,-1346.5,66,-1.74,5839.26,0.2204180712,15.25,68.3053757077,266.1360176565
UH_6102_uh,3237,UH_6102,UH_6102_H,Iodent,-281.8,19.9,-1.28,5493.15,0.2282590439,15.3333333333,67.7433439526,302.0234881826
UH_6179_uh,3238,UH_6179,UH_6179_H,Iodent,-563.7,19.3,-0.25,5657.6,0.2259256695,15.6666666667,67.7307891597,308.0071879696
UH_P024_uh,3239,UH_P024,UH_P024_H,Iodent,-1484.7,68.7,0.73,5786.58,0.2219902745,15,67.6836250166,316.1170209
UH_P060_uh,3240,UH_P060,UH_P060_H,Iodent,-923.6,38.4,-0.67,5514.31,0.2443272994,16.3333333333,67.828234683,304.6659682435
UH_P064_uh,3241,UH_P064,UH_P064_H,Iodent,-751.8,47,-3.64,9333.54,0.2285932438,15,68.3362796337,324.0694542783
UH_P074_uh,3242,UH_P074,UH_P074_H,Iodent,-1418.9,67.7,-1.93,8758.28,0.2302107555,16.3333333333,67.3236233129,318.383063413
UH_P087_uh,3243,UH_P087,UH_P087_H,Iodent,-1354.3,70.8,-2.2,5901.26,0.2326002592,15,67.7923378939,310.9292932435
UH_P089_uh,3032,UH_P089,UH_P089_H,Iodent,-549.3,54.8,-2.84,8102.3,0.2231254134,16.3333333333,69.6726015807,308.4556060087
UH_P104_uh,3244,UH_P104,UH_P104_H,Other,-1827.7,84.4,-1.32,5656.14,0.2343687798,15.6666666667,66.866869377,304.2828901957
UH_P115_uh,3245,UH_P115,UH_P115_H,Iodent,-602.9,27.9,-0.21,6616.48,0.2289264072,15,67.8723918021,287.3525994043
UH_P128_uh,3075,UH_P128,UH_P128_H,Iodent,-1759.8,77.9,-0.06,6252.67,0.2279094735,15.6666666667,68.3670938302,318.2265896783
UH_P148_uh,3246,UH_P148,UH_P148_H,Iodent,-1935.3,96.9,-2.13,8492.17,0.2249297341,15,67.3650790172,319.6733995261
UH_S018_uh,3247,UH_S018,UH_S018_H,Other,425,-1.6,1.11,2521.71,0.2210021907,16,73.2996426198,290.1202002391
UH_S020_uh,3248,UH_S020,UH_S020_H,Other,-343.8,30.6,0.04,4796.47,0.2295871664,16.3333333333,74.6028852493,310.8315799435
UH_S025_uh,3249,UH_S025,UH_S025_H,Other,-3054.5,147.7,0.36,7436.95,0.2391991356,16.6666666667,68.9123516873,282.4166708609
UH250_uh,3026,UH250,UH250_H,Other,-2237.6,108.3,-1.33,8987.03,0.2361158968,16,67.2042440169,292.4624690522
UH304_uh,3250,UH304,UH304_H,Iodent,-1461.3,61.3,1.17,6537,0.2264582815,14.5,67.8312970376,312.9293291478
Va26_inra,3251,Va26,Va26_H,Lancaster,-168,-5.3,1.61,2865.99,0.2181344128,16,73.3199033329,321.0294930609
W117_inra,3252,W117,W117_H,Other,-1157.9,47.1,-1.41,5810.15,0.2243661311,15.3333333333,68.6784125377,309.8587252913
W153R_usa,3131,W153R,W153R_H,Other,-3259.7,135.2,0.63,7881.81,0.2223489579,16,69.5305312696,327.5309002
W182E_inra,3253,W182E,W182E_H,Other,-1991.3,96.6,-3.47,7622.98,0.2305602356,15,67.2919998063,312.6459170478
W23_uh,3045,W23,W23_H,Other,-1164.1,47.9,0.63,4151.51,0.2214998941,15,72.5014836518,266.3407909739
W602S_uh,3063,W602S,W602S_H,Lancaster,-450.6,23.8,-0.08,5997.29,0.2134356412,15.3333333333,73.3347168994,278.0846581913
W604S_uh,3254,W604S,W604S_H,Lancaster,-1732.8,88.5,-0.63,4994.69,0.2296643281,17.3333333333,72.1424245859,318.6264325261
W64A_inra,3004,W64A,W64A_H,Other,-630.6,36.4,-1.44,5007.06,0.2361746563,15.75,71.8447625938,303.1620632913
W9_inra,3047,W9,W9_H,Other,1248.5,-55,-2.85,6478.78,0.2303479089,16,67.3806452715,265.7124904652
W95115_inra,3088,W95115,W95115_H,Other,-1639.3,59.2,-0.48,6681.93,0.223882408,15.6666666667,70.8978059935,305.3751322087
Wf9_inra,3255,Wf9,Wf9_H,Other,-1224.3,51.7,-0.04,4275.85,0.2319879564,16,73.4025154878,320.6966139478
