Genotype,anthesis.silking.interval,anthesis,ear.height,grain.number,grain.weight,grain.yield,plant.height,silking,tassel.height
11430,-0.211316507429412,0.373444923425769,-1.24407777139628,-38.4023966012322,-5.53460841328491,-0.17087686725253,1.23871087299344,0.803515687043622,1.06890999098233
A3,-0.391245920804646,-0.991531386204975,-3.11459825109085,-0.35606863608872,-3.20535330098472,-0.16968542016563,-1.03110813521521,-0.540876815911234,-0.107017823184098
A310,0.678696234663098,-1.06991692702163,2.23905871814226,-76.6768650154014,17.0186297678512,0.0619100479777553,0.798019182068575,-2.07519613614075,-0.140563485954291
A347,0.927532949394582,0.673751920965897,1.00864141324521,-114.847784270363,6.53494333422093,-0.210299870823232,-0.0692783220546653,-0.484584501664584,0.27695120672824
A374,0.489811847325041,-0.305887690711297,0.191410996577931,214.015863614702,-8.84150698878712,0.276205574831756,-0.15747502880677,-1.01972960036721,-2.9383956581727
A375,0.740150669937446,-0.168319952020919,-0.224812987922162,85.3929701755559,0.193415938593282,0.242729319572908,1.65745082999387,-1.3433924343955,-0.181094582201489
A554,0.636069671041389,-2.7209422688689,-1.53892131537799,-82.7567488475426,2.1527176868622,-0.110519048173407,-1.62699344995578,-3.6976917488261,0.993384518440826
AS5707,0.507382604681236,1.09055942703936,3.57626163508366,234.620336103325,0.704292338270865,0.634652471016626,7.69813902676772,0.374733547071195,10.4889060793727
B100,0.0280788351763914,-0.0549451918473421,-0.256254779064883,-7.21558112994824,3.341421875465,0.0541466589865051,-3.47817924541147,-0.0268673948339206,-3.98876981450453
B104,-0.500044095410413,1.47597110778529,-1.62094560980448,-40.5082851297252,13.2384474235533,0.098583649895692,-2.24011400871552,2.09084033903392,-1.12494429209531
B105,-0.592061236141252,-0.374009032634361,-3.46998452583621,-12.3180472484282,9.32218834121467,0.125418381284897,-0.369873671975679,0.333682940253179,1.11867090163611
B106,-0.0985296497165138,0.993599877864579,-0.36059246679674,-0.380774224034634,-2.52774636086746,-0.058696961340139,3.14608743220078,1.135438215592,4.153358631334
B107,0.147553356562599,1.67725943189791,3.32553831579201,94.0421505914577,4.06635362069102,0.468780796556556,2.47680072476264,1.57920009236598,4.94461217461428
B108,0.303083463029234,0.855583768388243,0.423150432446251,6.07385435343974,0.322179896392975,0.158166038429329,0.481444705675876,0.186596622829301,0.621143195127131
B109,-0.382101092457545,-0.438449040348354,0.661134657416431,-115.29388683799,5.32226609228489,-0.145516790566107,2.0160419594545,0.225470630298794,2.57333612244949
B110,-0.254467383707115,0.738057005126764,1.22747962224262,47.1486159012067,0.0802419251245727,0.196212012258264,0.294411144169816,0.78166113094636,-0.680982614467389
B113,-0.443165237761993,0.975333597567328,-2.14534121333133,167.073206432836,-9.1796778159709,0.30756072772714,-0.936553186283583,1.84023250840699,-0.229714665501118
B37,-0.427091802427481,0.99180901243578,-0.0802376053221534,-79.2046034932024,-3.51498624235156,-0.0906115992967261,2.16325553637031,1.27557351087564,4.53413059618158
B73,-0.0162692258000042,0.351713137398702,1.24138277396016,18.9848923010718,-1.82038813061305,0.0354925113750478,1.35086091395829,0.187951635302806,0.400542808922556
B84,0.482699157092741,1.41235850556862,0.100294658385499,36.0977713440726,14.0852332122944,0.363938585243207,4.38565173423157,0.699025303105304,4.5164851110386
B89,-0.0467442980365736,-1.75024615045257,-3.69276284073693,-85.025064363783,6.96284057175729,-0.25694814936811,-3.28884608273658,-1.50623786743324,-1.88322187129035
B97,0.30324363307106,0.93551756812661,-0.216879031260699,209.316808494521,16.7537880007448,0.897135616492655,1.54569580900251,0.413664668080308,-0.747491078368506
B98,-0.936209513745801,1.36237421347903,1.02193838839057,189.660357406344,-5.87770707283846,0.364643350825694,9.06511022671224,2.67693643564321,10.4300953100272
C103,-1.01853289545065,0.661262163779385,-0.115524535455671,-109.731789336752,-0.0752576011867584,-0.193471216513779,0.546150059432622,1.88330358596852,1.6277045631026
CO109,-0.270032399481039,-1.91500004913727,-1.36766077086163,-122.670382481861,-5.26947749520708,-0.403750480432676,-1.82249694303748,-1.47733634156911,-5.59726457673542
CR1Ht,0.412917643660636,-2.02278965381721,-2.26709013707806,-90.2613180935554,10.3817795500926,-0.0767301841642369,-1.87226883104817,-2.56243952152834,-3.33469020438432
D09,-0.195378028180969,-1.68895259358818,-1.42193471315945,13.8422586040771,-5.83458783222829,0.096071943064837,-3.99799943610866,-1.74583814021274,-2.61425785469814
DE811,-0.412980190580171,0.598888502210339,0.764358853020176,121.8173016686,-5.27590744285022,0.219125147705559,2.60377029419357,1.28135814890807,4.52473209636948
DK4676A,0.452021825396408,-1.32995720677185,-0.756960342838822,-184.763084179645,11.7670680119579,-0.347201358862541,1.04752566100973,-1.58874661074934,-0.285708062943798
DK78010,0.67085273041535,-0.057134710438115,-0.968650044896229,-27.2941431395466,11.5467192862126,0.0906680893083879,-3.91321705600863,-0.852880052022915,-4.61050772497374
DK78371A,-0.0258363880864914,1.33518476504008,0.889493989613643,-0.00295187671499804,2.22249603941158,0.0130205269525373,5.49575114395796,1.37465336339483,4.83735463152734
DKFAPW,-0.573757130955879,-1.41771032514792,0.658787337222977,39.3912457990823,-8.00287405535818,-0.0992662943767814,-1.40385374680113,-0.90852927416329,0.107565072490417
DKFBHJ,0.370803846091172,-0.375324859565739,-2.22429631071207,-107.824162483333,-1.61264395318091,-0.346266375861954,1.24941526517777,-1.1106867590674,1.0528167832676
DKIBO2,0.122306992932162,-0.787691864221319,-0.156153983243712,-146.223051475855,2.65562682621137,-0.446378452890541,2.78014095237081,-1.21066026757092,3.43808446835731
DKMBST,-0.237716832915975,1.66620015007722,0.646757269062498,53.5174214301205,2.54124406208345,0.0566797281752619,0.106641755216588,1.46169423050224,-0.12951188948688
EA1027,-0.0972243238993721,0.623597398407317,1.06300776345566,-134.81778819042,16.2139168269882,-0.14461573092008,-1.3527679453271,0.583010409251357,0.831331223286553
EA1163,0.106004418068136,-1.76915693277514,-1.94523246693149,-177.330931852418,1.72760202731012,-0.400899483242476,3.56127285879759,-1.49738751982012,3.79134305111171
EA3076,-0.820999878104846,0.37326288332555,-0.94251023401417,-114.537036562292,7.89039692282634,-0.191992021796547,-0.586133905149299,1.40230579827296,-1.13071057475973
EC136,-0.243586142676649,-2.0118729254075,-2.38762538765873,-355.021507381692,7.61088962792899,-0.845374041950985,1.89307603376287,-1.52402265228925,0.0712947268805995
EC140,-0.0123479894577485,-1.94916968662146,-2.47397541484205,10.8782353724968,-5.85793062282482,-0.122382593905499,-3.17642846106011,-1.14268017363886,-1.49040219313015
EC151,-0.108453269576043,0.657830625114245,1.84038829084017,156.784785860761,-7.57124254739222,0.203980868345403,-3.68453480589383,0.819189890657149,-3.77083460810888
EC169,0.40842701991301,-1.65973968676389,-0.901899250249301,-42.4708753383812,-4.16459738919088,-0.261593689390001,-4.39130385922787,-2.27766204285199,-3.25694703363614
EC175,-1.08943101022184,-1.141158905728,-0.416352053088221,-100.966306411048,-4.79781927342281,-0.355283897590778,3.3811989439689,0.331057844897351,2.4138469988385
EC232,0.576204841687592,-0.573559137532204,0.907116356199417,-84.2329971175314,9.29455295451814,-0.112147769801144,0.645807168803791,-1.54378169279653,-1.75921957479753
EC242C,0.229824005001085,-1.48497792006406,-2.28083505295785,-22.790937463362,-2.81280871350977,-0.144385960041617,-1.20141867652872,-1.58838726173578,-4.06917592789784
EC334,-0.270693188710143,0.0637492754349448,-3.32081017247491,30.103662780644,3.83987322752829,-0.0205338282417708,-6.3911269078878,0.551437566003782,-4.44852771181232
EP10,-0.24497864043964,-0.309096193551675,-3.21360042784553,-274.856873758894,1.76650523173459,-0.774964132478406,-8.42825082307931,-0.103342344937206,-10.6628878848886
EP2008-18,-0.253749927730687,-0.226796927501408,0.421822723636308,-114.128585620854,1.75991541650127,-0.183946318562596,4.36787048947736,0.244171046306253,3.569871787225
EP2008-22,0.105130110159769,-1.02157948885868,-3.28489747456355,-132.660748243288,14.3189683699394,-0.130990636474263,-5.27616736183538,-1.11783832027353,-6.68891000126656
EP29,-0.164757872406652,-1.40898360673266,-1.09788000930078,-69.896391753162,-1.90225538213965,-0.0651167846900008,-3.23344204798853,-0.783747358182977,-2.85332343632149
EP51,-0.421091748742412,-2.14518845189203,-5.30199875028779,-70.9432747821224,1.6979739432152,-0.0746185087679538,-8.56384917921008,-1.19807803921883,-11.6873426938338
EP52,0.670532867693949,1.41833664868272,1.27954064778244,45.0308892742335,12.8320288561103,0.324721855491592,1.07133507755057,0.468616634670336,0.669620778834203
EP55,-0.191153198308611,-0.577849836110355,2.48842595660396,4.9625080498832,-10.2891245930778,-0.110921184584166,0.537971027707014,-0.199851207550208,2.11715953353054
EP67,-0.129845081695065,-1.24188182174781,-0.868236537512025,3.03933611582222,-4.63864502058161,0.0256425977862971,-7.14217639101485,-1.24780160735623,-7.82696794422589
EP72,-1.06488229968207,0.542169587310085,0.0470097950483425,-21.9403721632255,-25.2798625566831,-0.570856386507776,-5.27905026956029,1.64630582018358,-5.09991668780294
EP77,0.305573391661918,-1.76517431000218,15.459387351389,-175.831298146191,-14.41634208022,-0.751820850653965,3.71358495286566,-1.92527765630317,4.84183724598468
EZ11A,-0.147588976812564,0.654445122507906,2.40001666623523,162.982843643017,8.23794821201787,0.687746278340915,5.52645751469407,0.981410239518799,6.85547147612977
EZ18,0.556092804861812,2.48560993438839,2.65841198270677,4.83936878485546,-3.78379830650432,-0.0708148937400377,2.39040343333658,1.56760113513278,4.68613145826927
EZ31,-0.799286647676249,0.817292238813812,1.89004506457751,30.5874893307669,0.0186823638205833,-0.0273216437274232,3.34011066348964,1.84731243058257,5.77617736046261
EZ35,-0.306935654099513,0.0276041123963529,0.0287732337451703,14.807382132697,4.11981698233066,0.0922173072666868,0.693961350907652,0.176430586154047,1.42452314670747
EZ36,0.393342480961499,0.662395265325384,1.41636666724208,71.642751357736,-0.593526336119833,0.214509218072544,0.943032933782299,-0.333147858197946,-0.810780177785458
EZ37,-0.325797881424566,0.923428906346233,1.98314473455401,86.3557680031769,-0.0187084264245515,0.010721402983897,1.45815676823548,1.16246215768987,3.94936412244185
EZ38,-0.067821948510297,1.75815954901632,3.75165287984073,135.513743767925,5.80429268646785,0.481564532551129,5.31204135192112,1.38946029898538,6.52462500007531
EZ40,0.0266253279466309,0.255866609237323,-0.456204789698545,139.651844839692,-11.6336714719741,0.226958502651078,-2.84595822262453,-0.103086813702613,-2.34749973819315
EZ42,0.123462911529254,0.0949804305779452,1.06165647990915,102.893953244982,-2.12249123845075,0.26703783355832,4.66700259362125,-0.133446412219251,1.44889050515002
EZ47,0.136136692437509,-0.259508463404089,2.68276910050993,-2.45168590733019,-0.941392334822759,0.0104686333809672,2.33372346180516,-0.715927288232504,1.23328987311023
EZ48,-0.66767039806997,2.1769505117764,2.09961970684863,-34.2228441799709,-0.89222290390161,-0.0648820372392077,3.99531404383716,3.01079068120876,5.99638910688397
F04401,-0.0949471000141829,-0.151341980191976,0.412221682750788,-68.6239846504201,3.26133032836457,-0.125058516040841,-1.30923947434228,0.146850500919429,-0.011264592922525
F04402,0.0585790452271652,-0.41019312425942,0.398356745669145,-72.8049501889615,8.57770567214084,-0.0043785964346458,5.91316008723911,-0.372138555284961,3.29754490169083
F04701,0.419870742120793,0.112936895237726,1.35179120697037,22.4560226205842,-2.03819702661951,0.00174618578115669,-0.123848617807429,-0.0533259237460749,-0.338488310663105
F04702,-0.116256797324733,-0.742155247231471,0.581348901263282,-139.53350660191,3.0671031584684,-0.290537350098836,-1.88443208954161,-0.62065789214504,-2.07978278512457
F05101,0.00069964429008055,-0.853220956227809,-1.17960044942969,-25.6670299169085,1.88974328411544,0.0139548683183505,-3.04839377509129,-0.641332935004923,-3.17513719117057
F05404,0.362360934394649,0.0248854498191805,-1.59183803721256,118.867676144463,-5.88239544201927,0.221538267305281,-3.0949016735339,-1.06608440298421,-3.3500102364878
F1808,0.325410074965115,-0.225996593036399,1.31312229866456,32.6206565376663,5.01280693217511,0.0320229038648247,1.98746181927666,-0.585467004760575,-1.08716323967205
F1890,0.404698895106904,0.813703678374723,1.86601722583855,93.8464772573971,-1.39856662439303,0.286760774894188,-2.36860875893826,0.265592713458955,-1.13334415893587
F218,0.771050471193201,-1.6711176088674,-3.69095084319281,-7.06429507595402,11.0135051812817,0.19116565096637,-5.86549980708506,-2.86745984983217,-5.21967889150286
F252,0.337366798466178,-1.53948369188566,-1.09066717359573,-202.164557500438,0.442861063550197,-0.27174714489004,-0.0486811178976948,-1.69331732518777,0.299336384020836
F353,0.279525137874238,-1.04238043999599,-0.351805992451202,-100.407723306302,3.49296627421159,-0.25277389949003,0.773690308558912,-1.32959609989273,1.14592734858737
F354,1.37167417748645,-0.97720488953999,-1.83725530693673,180.43728637986,-5.37472036440728,0.24946204255438,-3.13788265452069,-2.82957114092826,-5.03756648560026
F608,0.385490973237106,-0.0338420769689809,-1.74710935572919,-77.969047873421,-5.22105498126089,-0.248213222819494,2.86595490816575,-0.24747303363689,4.94377951882589
F618,-0.106339323299659,-0.933656034622043,-1.93219068775208,-103.888038718892,8.5585074833728,-0.0191180371515301,0.59694281177992,-1.09303521496211,1.09077600728045
F7001,0.766209757806978,0.159482522718341,3.02232506892678,90.9487340050535,-7.52046344621141,0.103560066673114,3.62358463967225,-0.257206414459476,3.16960532270284
F7019,0.20820237606086,-1.16101689362242,1.56757811606322,81.2432737993256,2.86798573129481,0.217783830317122,-0.601496251823957,-1.40363149588736,2.26324530578287
F7025,-0.643868044012952,-1.15039698139332,-1.71129778712964,-221.829344679469,0.296844397788163,-0.509017597475452,-0.656018609027183,-0.42181909266895,-0.0878901454864186
F7028,-0.372255116656412,-0.81761879095023,-0.226935261854469,0.694021607050753,-18.290892221391,-0.398016136846052,-2.67963983170809,-0.289870011735357,-3.26550132835269
F7057,0.390563458579466,0.295208725269858,-2.73596218596254,9.43331271176063,-0.3560368103514,-0.00655650287899103,-3.42549647579758,0.0173705667884155,-2.96246482231572
F7058,-0.185051921464132,-0.423015864046641,-1.92769010717974,-0.401511260680259,0.344825554768942,-0.0115808536713152,0.00469842472703362,0.38505362921567,-0.321187727551887
F7081,-0.383120652233489,0.724763981676286,2.44745475808255,74.6778174418556,0.0515142435889752,0.126605234563285,2.36738622261463,1.49760219641797,2.58483399348485
F7082,-0.0407006597167276,0.452410880038611,1.08828551341087,66.7714347027884,1.23911775994317,0.0723128220737705,-4.40364251525543,0.82019826081789,-2.8458848314524
F712,0.275016975977483,1.32429121398922,4.09481304285837,112.481256621259,-6.51969331195494,0.205988930956976,8.66317238226368,1.02296269497382,8.12473427907407
F748,0.258658081518375,0.859321737851095,1.22044500876545,43.5304702968949,-2.48370910094617,0.111649720415594,2.66491578522945,0.536527437765065,2.14607459657009
F752,0.0861168443069954,1.43857092324166,-0.628856689924189,114.560769091084,-9.68294424573427,0.0963908454407566,-4.04418022473222,0.856818506092737,-2.31948424307648
F838,0.185865032360372,2.34335185220149,-0.0119514069167357,176.238698017428,-7.96688447042257,0.175130302924551,-3.85301076821188,2.53030493103192,-2.38052663139592
F874,0.253318868088021,-2.46933058266206,-1.30090044998853,-204.363587005007,11.7511162070696,-0.218063525571328,-4.27971245284967,-2.33997511957065,-4.11153599151207
F888,-0.639240567294,0.420978556663949,-2.67466726272157,-111.611326754133,-2.28628971751259,-0.430658135637566,-0.488463899494573,1.33373474730776,1.32972021953399
F894,-0.246556196277179,0.87292830752643,0.618378831319967,-53.1945989798113,-4.12675076586578,-0.176225202951382,2.91887651881258,1.15116918691106,2.52542911496548
F908,-0.287411970053825,-0.980959702958404,0.91957363207665,-189.936288351517,-1.15838211978498,-0.520859754013424,0.956299546640468,-0.402932386135884,1.12439256211194
F912,-0.422433073801717,-0.114029184272083,-1.4547364603815,-19.6279417124596,-7.39141233522382,-0.200036062133763,-2.5860118108105,0.562525082508497,-2.56152793440856
F918,-0.588665639487155,0.61608220678738,1.16846288494432,-51.5614609705168,7.56953466214037,0.109547728008401,2.76448136138763,1.04886314455117,2.74990995809363
F922,0.558243063025832,-0.0910130069449498,1.32706555103464,178.093087372083,-0.677883875676545,0.322858904697131,3.82507167641493,-0.630699589092018,3.85513593415142
F924,0.522201922279728,-0.451200376896003,-0.356388602805099,101.490377131411,-0.592430521104572,0.20345192322096,1.37487680870622,-1.20867462686541,1.7839076776329
F98902,-0.0170428548258189,0.789213942338905,3.01147904661532,37.9101611559725,-6.38208305685451,0.077098458323382,3.06893304733096,0.720815333325994,4.98932021959088
FP1,-1.20515082865029,-1.07262048428485,3.04971301430064,-94.5232522385752,-12.1205785667506,-0.422075976224329,3.13280389365754,0.340658990205696,3.10861810900071
FR19,0.0916006763338719,0.115501822978048,-1.10696583914223,-42.0453329809634,-5.71344729639292,-0.190866116514107,1.47115912984021,0.0945903224204819,2.26820824501523
FR697,0.155528774715368,-0.578435392542441,1.85811134738334,48.5910895207921,5.32459997883714,0.221187262484683,0.17133801453817,-0.737471611901777,0.721203678844778
H99,-0.516890569174947,0.266395270909788,-3.48280766558185,-64.0785814290325,1.902530683221,-0.136657690868973,-3.01084425876855,0.693428501971756,-5.44938627349826
HMV5301,-0.309921763739285,0.345505220410868,1.29726463497113,-102.263322896011,21.7547141691699,0.0891975675760055,4.27542662283699,0.622182822439101,2.11576930937283
HMV5325,0.424532361413299,-0.129923758256054,0.369071217256699,91.4786743368633,-6.69614142169815,0.248398387493205,5.8220126938041,-0.801245726393747,6.10554094787642
HMV5343,0.169810308886571,-1.25498047851703,-3.2271471403768,-77.3753077796154,4.90119660123791,0.00545656741422263,-3.90939101816662,-1.42497145287498,-3.85679330555286
HMV5347,0.422322285274412,-0.250788636958995,-0.601652567565054,-81.5355535166024,6.7628194765914,-0.151455409713017,-1.92284844343375,-0.727258600408039,-2.51344956724744
HMV5405,0.583905145946885,0.0962420779062436,0.771111856764105,19.0713226734501,8.89309777130281,0.302110406849675,1.67347790282998,-0.510329191918336,0.480359552018433
HMV5409,0.628878900047178,-1.41867827051031,-2.22929392224716,-6.2810830246499,9.39253986091488,0.0740338870412415,-6.87704737157566,-1.86485695069053,-7.2198400613062
HMV5422,1.0910004221794,0.647696543287508,3.4455206733945,175.104131092335,-3.88027738886097,0.55119916118383,9.44943711728899,-1.12627084248761,10.2867664894627
HMV5502,-0.0393990030629925,1.65148059838965,4.66596824719418,48.1137650076066,2.76605950129864,0.226493361719314,3.669067719325,1.74592028201262,2.28324227414827
I198,-0.512417815985001,1.87424274774413,0.52008145429159,42.3879060043678,-0.921801540437335,0.0612272259461615,-2.64885364497038,2.62157263116592,-0.102074934611052
I233,-0.40335843520899,3.87664276679745,1.95696218824449,-14.9907467153645,-0.864555475981377,-0.113184444920498,4.22755012971265,3.11392929048133,4.33129519504144
I238,-0.551671351832967,1.91914464166784,-0.898070448372209,103.942552456985,-16.327294660277,-0.00238932723391565,2.64827413487983,2.1999115600293,1.69491928428594
I242,-0.737173626420103,1.53732135648793,2.75744145949016,-67.1356934977987,-2.01215257897702,-0.236378013751524,2.58357805108292,2.3890442681357,1.61086718913842
I261,0.282877369346948,1.14025747277728,1.44572399690853,1.76052841638104,-4.03667129945744,-0.044393730597758,-0.82711576497601,0.919773229458595,0.395447604346613
I267,-0.771514673162277,2.17241277946479,4.79751167325322,-5.80997111979312,3.93717943021714,0.0209253510108778,0.552001152833581,2.64418876069911,0.22548900805415
IDT,-0.682839203459377,0.249802471477537,-3.76878984875152,-166.906593058604,14.1812513339026,-0.17928324302855,-2.63411398162626,0.770049387542094,-4.42389890130503
LAN496,-0.179579393671484,0.441394301797295,1.78475863894598,-41.3312631817266,-5.10575202419234,-0.282533659326708,-0.900016757503619,0.802567064712613,-0.61323365035013
LH123Ht,-0.65619668952005,1.2430842687365,3.811424257583,89.7565955342012,-13.2688502282306,-0.16085849901182,2.56929314037733,2.03044922367833,1.49504747726729
LH145,0.390356774285933,-0.23384584067971,-2.33890470969594,26.7322442738679,-1.0887569425877,-0.0445675646250185,-4.39418533629568,-0.483738217000478,-2.09569044933356
LH38,0.136545900655713,0.105198993429653,-6.69095757900904,32.320893002115,-3.95129762079564,-0.00300643886504236,-3.14615267589894,0.213862163445329,-4.92805955774065
LH39,0.446311548337269,-0.906803318809117,-1.36928409324256,-4.23213653135014,-3.28902807710066,-0.0902740291074724,-4.30250042554083,-1.42321075184363,-1.94017308158477
LH59,-0.223833764199709,-0.826197802547248,-1.29204128921373,8.01223197233876,-0.734867372130624,0.0752711373768892,-2.61781432529451,-0.567909161282951,-2.23450690731917
LH60,0.218155840531002,0.868451352919971,-1.61608455403587,117.522036808128,0.307391697098816,0.269360245800097,-0.0714359530349071,0.829397626991774,-0.256504336857958
LH65,0.327153407697662,0.258127158938041,0.303379356943114,50.9611774516183,9.2981291252844,0.249617985463706,1.19373114263409,-0.220111452973829,3.49490311602887
LH74,0.423698647462051,0.568188216487852,-0.977977240465878,-115.956865261678,-2.19142877091484,-0.344182180829866,-3.59223810221289,0.117445717119542,-2.9106876739447
LH82,1.50944888270971,-0.734639783418053,-2.17206105990424,237.883928032407,-11.2201152814068,0.279860770607135,-5.54133877418934,-3.06743668836348,-6.13661039827661
LH93,-0.00443724016310953,1.87804978361533,-0.910195767954971,199.666696961485,0.202117820939986,0.560286610127105,-1.19615610130758,1.77951940410225,-2.00842547570724
Lo1016,-0.333027510425012,0.704406367199396,3.24366709526689,96.1647453540406,-1.91699355643465,0.17052733875156,3.11920450670337,1.21032511883963,2.2435304460663
Lo1026,-0.344463605588904,-0.2361060418012,0.966660708825995,-2.05810196121384,-6.90323555066997,-0.00385851910047551,1.28342671230391,0.293255227746669,0.964665675830312
Lo1035,-0.394353394475834,-0.0984820814530067,1.02181508924777,4.79393125183774,4.30763345086756,-0.0761292058075656,0.395960430621377,0.468783969048791,0.47551614164485
Lo1038,-0.564633098684829,2.42358910243631,-0.783838527270742,197.141594417767,-4.91859358800081,0.456222632960736,0.678585461335264,2.3428512690392,-0.00487195755165097
Lo1056,-0.14224751964406,0.94751051445257,1.66621892210934,125.14059093617,-7.18884177389255,0.137907034774098,2.9948123244145,1.34011632005159,1.90665008385552
Lo1063,0.809541907029022,1.019972134658,-1.01908335400396,92.1333313057954,-11.7044025075997,0.0513948311525585,-9.16677677805981,-0.0789168914588897,-9.11271842971688
Lo1087,0.89404680850689,0.930188923099319,-1.03058867164274,47.7821116657141,4.32237120121542,0.129433160339667,0.422341692333128,-0.170953082791445,-2.97522514185197
Lo1094,0.0797627298543383,-0.821950915728527,-0.63831665163809,8.74385712778769,-7.05705166378451,-0.276038691777914,-3.00140620060503,-0.737785692031962,-1.82515597066197
Lo1095,-0.484924802220319,0.462613877242258,-0.769393467711262,82.4065687926285,-2.53664246149305,0.171872654192394,-2.59868765911727,1.02664713489827,-2.22580409316777
Lo1101,0.0968573995920982,-0.5885840595262,-0.399949382216938,-18.0997506197981,-5.48400807629623,-0.0495646137345992,-0.24749747967161,-0.572655243353094,-0.229063296839107
Lo1106,-0.0305872350449311,0.369943632252085,0.0265491009153438,-159.614973883154,4.96735449355118,-0.269502584875261,-0.798513254357203,0.50538776326658,-0.18560627789474
Lo1123,0.342664978500467,0.180850320204861,-1.19336502521798,-38.3808080127313,-0.90919107345152,-0.0972931592331463,-1.10796403118106,-0.392253336205153,-0.822279457674015
Lo1124,0.120941179773506,-0.20496240889983,-0.841419090417281,-81.1306877447179,-9.15978831909758,-0.301621814428538,-2.47661602187254,-0.154987476227577,-1.47033052774974
Lo1172,0.75718404590175,0.362696770115459,-0.757478551386524,29.8544665058708,0.256140286308663,0.146301832235941,2.10598343182074,-0.450121938109871,2.1558965545162
Lo1180,0.103575979986485,-0.288801403688303,1.21481111981364,-40.156112468637,-6.69899362570796,-0.217278601739901,-0.618643088942665,-0.391892037466524,-0.477610250657621
Lo1187,0.0173799124069732,0.445410561981022,0.33748829823122,-66.0030492416103,-3.21503661176585,-0.206662831188478,-1.74677370234404,-0.390829334858387,-2.61984298101476
Lo1199,0.256955354005259,0.62234123098896,1.32683790443672,19.0155499671606,-2.55580364194578,-0.0526687278787011,5.11406037353176,0.20189691671086,1.94111975384934
Lo1203,0.0899819599003626,0.168064379565539,0.389228582690317,63.8050478319161,-9.01888707955914,-0.0840929107582391,3.60819323977477,0.178084708500174,2.42583886295616
Lo1223,0.129729262183993,0.103319463225701,-0.279940516673949,-19.9244328364694,-0.579338226064098,0.000736607545115636,2.12796415341886,0.170449683576308,-0.341179246088326
Lo1242,0.118289635569615,0.339798595917698,-2.75013158426111,-29.7190147401206,-8.13087385071452,-0.14413164983793,1.35833616269041,0.129460623143105,0.797811391464475
Lo1251,-0.359910822906976,0.849627726252169,1.27268566584061,73.8132057008106,0.0680888550083013,0.0733930171231017,1.53523504514916,1.35049429508025,1.14362043308079
Lo1253,-0.371651578164648,0.197238354009602,2.99054583115966,16.0522457805871,4.76109386549379,0.0030130755388903,4.26538060724356,0.613395388365264,3.77585269400386
Lo1261,0.0694449805978183,0.794756812917028,1.71516126007932,199.016075592145,0.589868196823453,0.447043952710995,0.363705828770383,0.595950181289089,0.357555507725269
Lo1266,-0.123398146971194,0.781400269996214,0.0404427924280914,77.1734614004728,-4.45398503052376,0.208404069855038,1.69675913437128,0.756045159976684,1.14088067432306
Lo1270,0.377486694238466,0.523157589267966,0.635432336046248,-1.72147640301629,-6.27733101176592,-0.116618468502851,-2.29262040121229,0.538877569843731,-0.507050857600491
Lo1273,0.383273603932801,0.448318315364869,0.602672054080162,27.7723978683953,7.93589323865925,0.243027478351543,-3.85096122312118,0.164672396975322,-0.753543336170658
Lo1274,-0.543339037619779,0.0759406084906384,-0.883294091476032,-155.62701558805,1.75336907359181,-0.290311084528513,0.573824315247024,0.630149839351216,2.65048567729182
Lo1280,-0.432331171776014,-0.941046493705948,-0.883050979396497,-236.349500054932,7.1996113205012,-0.496116599481192,-1.08215042060683,-0.128480980892507,-1.68550104409597
Lo1282,-0.782028443965483,-0.34295120015035,0.813922087183943,-177.656255901521,9.66891857314929,-0.351916030878476,2.28178366300846,0.793635730349977,2.37940339369004
Lo1284,-1.17901363056634,-1.83040115392114,-2.12765513355765,-142.790992899923,15.3994193597484,-0.217696661156454,0.23559585155132,-0.0567568704586644,0.419800673630201
Lo1288,0.267563136414184,0.95632474576443,0.684875202256563,49.8766199796824,0.328470707083779,0.244840759744562,-4.2350593291585,0.437345422139612,-5.27645814219446
Lo1290,-0.431872472084059,-1.32404915402102,-2.91149626351416,-50.3725718629528,0.595235559018191,-0.171397439282184,-2.09743625248722,-0.743999452686445,-2.99741653077057
Lo1301,0.594802108799987,-1.32665434245441,-1.37103188731499,143.560249545814,-7.30549802662726,0.22671290481623,-2.66811633525866,-1.76364290381881,-3.67925630693079
Lo904,-0.373326290499263,0.597468191699561,1.08620229448455,-20.195726933413,2.52091222735783,-0.0517876203345953,1.16850346539447,1.0610108549165,1.16832426593898
Lp5,-0.232366397148423,-1.5493268979929,-1.16343683360904,-105.728297309709,1.38049317953377,-0.0868566368422367,-1.6814497395891,-1.2017031696734,-1.57083013486524
ML606,-0.0748121366183543,-0.707724727482614,1.64108253774784,62.1212648952916,-3.70426864853931,0.0603424255706825,0.693842691308244,-0.596863510393618,-1.22222654156452
Mo15W,-0.561508749713563,1.79812306922589,0.885220511136944,-5.90675685548326,0.913238008631781,0.122630412202986,0.296748203812631,2.90403257352268,0.00722161650047046
Mo17,0.154891719614602,0.346421599605008,0.824098907247462,-83.0571911722595,3.70338929079892,-0.0227408544311343,0.937300322096159,0.0635293016599184,1.86574494620451
MS153,0.00284587422743847,-0.778040279598343,2.79839371418826,-78.7984220851203,21.5250031970868,0.179528334253616,0.773925252666268,-0.644362487728823,2.53351914212113
MS71,0.0444547132747281,-0.501261815242351,-2.51762127068815,2.79294696760361,1.56949202272719,0.0421822288280099,-0.62711339446772,-0.793516924308624,-2.40602669062044
N16,0.214326861455771,2.39533010709963,2.0210237779102,142.862540298982,-9.40889202756738,0.0994886895898031,2.20318477430731,2.29897145269709,2.1260101166396
N192,0.0434800547071799,-0.570189723506256,-1.8359867936483,-41.6842823680412,1.62551095890434,-0.124576365710151,-4.50162652206851,-0.401704118730455,-3.3972057823847
N22,-0.0536643124989569,1.0485773049646,-0.598277684218681,-102.835858041427,-4.00462933510815,-0.203437769989392,-2.37472825749032,0.959795086897034,-4.27162170661844
N25,-0.640098211301496,2.05971263981603,-0.621487908902839,-80.1275462819812,7.90227850591478,-0.15191105732837,-0.0454972407642131,2.83056246347861,0.820262514661944
N6,0.0551360459515439,0.0798625433268082,-2.87833865512886,-74.4083446318946,3.22512068721412,-0.10862423163653,-3.43636634572283,0.0360608584056086,-5.30021390553618
NC290,-1.12276941907776,-0.137570756233309,-3.13815722145503,-44.0688445380003,11.338493940586,0.207767161986728,1.49135691958728,0.872880586227545,1.88507085725454
NC358,-1.10894956309316,1.97425691603227,-0.489768462049136,160.401654325763,-10.0387095704794,0.152447131311384,-4.9604540786486,3.28405802160752,-0.535081673403083
NDB8,0.426946846996633,-0.981025016198967,-0.539920389297411,-169.767234404307,5.56691469095991,-0.372479228657259,-5.11116618395088,-1.47060297238354,-5.59727044550669
NK764,0.379442102675407,-1.14696200113594,-2.21381294886222,88.8216262252393,-0.720626123213188,0.202042195537476,-3.19088843480069,-1.15543384456284,-1.10528822442364
NK807,0.781561436944071,-2.14220656190463,-1.59584419940664,-63.8814254334718,0.452736578483688,-0.069216536635698,1.32725482967385,-2.87449340724486,1.04751291815623
NQ508,-0.487076041735421,1.00941601960604,2.20320954339364,-111.30026128577,-1.40910342425345,-0.332941656011779,0.466553060560806,1.53564573722207,1.19553839549537
NS701,-0.157124833686213,0.7015844780269,0.016136864354286,-20.6240417858619,4.65859829497909,0.140302753275398,0.0218233806828972,0.731009901417941,1.23547332067136
Oh02,0.373553373681459,1.97369857173799,2.98349660745177,190.903595836907,6.92544343043568,0.680989746250462,8.19474309887274,1.49767586321565,7.4750344511154
Oh33,-0.180770385760084,0.216958200632411,0.079010484018017,-125.450379755391,-4.41315877048358,-0.402051681237707,1.3345408936394,0.427326499130413,1.72300235325458
Oh40B,-0.238051264366086,-0.204066002693512,-0.102472014960409,-53.4489087945246,0.548828450660797,-0.0796596259362253,0.0297277646506879,0.352078414443744,2.39707186684308
Oh43,-0.275906446336463,0.402361122909937,2.30962969846098,42.9320749712845,-2.31623629678524,0.0952273245426086,1.51495495680671,0.897513370339699,0.233903542839177
Os426,-0.194842270850504,1.21723288866466,1.83951421054824,-24.0064066475804,9.53537520521125,0.111829553882421,4.87880614589594,1.28707462219469,5.54232660308204
P465P,0.201359632788256,-0.247376362282864,2.10463032689826,139.127953841152,-4.65877523278463,0.245372602367976,2.99857815239857,-0.553075992884681,2.01945934397151
Pa36,0.500803704414968,-1.80886568719633,-2.28453166621456,-66.9468237119981,-12.2222741693128,-0.459849559176441,-4.58996132604962,-2.32494448770871,-5.78526985299378
Pa405,-1.4663411268756,-0.488477651220983,-0.615249305931545,-117.444056242244,-9.34843651836035,-0.37645803042596,1.70632661432212,1.29566611728369,0.0283539604743324
Pa91,0.219550308779047,1.95982881445149,0.388205529522529,125.277252967447,4.98316296519145,0.357925824668925,2.03212676108577,1.470488221612,4.16638725418562
PB116,0.21921349310806,-0.36691608040035,0.467723834151872,11.2661570350534,-13.5993244410681,-0.16316150277834,0.638643855873259,-0.753940577799686,-2.31552415888011
PB98TR,-0.900696064432609,0.95082592091581,4.79614469227379,-63.9685938749313,6.65629402873977,-0.0171634299651732,4.71990205324639,2.22004284362674,4.94297506544756
PH207,-0.363574624183175,0.184993451298589,-2.28430225215424,-62.184387369461,-10.9520091092494,-0.30605644145181,-5.31284076377423,0.398572750199152,-4.25087746947981
PHB09,0.138735418404034,-0.142632737005108,0.554839886721122,-109.816190183913,9.6106437939423,-0.153264313651902,-0.382571037842859,-0.753610142796572,-2.31706186715325
PHG35,0.325423433681787,0.572016316324517,0.284794853750405,189.171516031335,10.4215819015798,0.433811220094973,2.29931793741746,0.0574102956366276,6.31768144282684
PHG39,0.261864014245222,0.702446486732833,0.0557924109634158,-41.5068538919347,-0.311947083672598,-0.0274574460638578,2.70224205919419,0.499951830126323,3.19488849497818
PHG47,1.06983421916986,-1.43153406221339,-1.32085679086403,89.4951497252954,-1.39296038897492,0.111048160345853,0.118434240018348,-3.0902091531728,-0.423454517242702
PHG50,-0.597153239028023,-0.561052616642209,-1.10804283419195,-54.2251552537968,-7.02491607557485,-0.251044061723543,-5.04267148407388,0.543039025759688,-4.67262606040506
PHG71,0.182017337863148,0.18496035769773,-1.23485237833117,40.5320780798407,-1.04022975528278,-0.0225911267969732,-4.07456064771902,-0.101472463490318,-6.20293201462266
PHG80,0.392584471587394,-0.490576883624575,-0.576197765040502,99.3767017070251,-0.717060444334735,0.238379697143667,-2.077037093898,-1.26698692513058,-1.59476373246297
PHG83,-0.645815506834791,0.37528758582407,0.431951743813008,64.8865870755716,3.51028525506811,0.260721603910783,0.406665051765671,1.03677906223871,-0.282704735743951
PHG84,0.398273444693646,-0.370164260583154,-1.95425102001784,28.9960923398819,8.01944540251608,0.165607151081616,0.237040624107821,-0.706303461178601,0.567726578118633
PHG86,0.293975715555865,0.580547042938808,-0.0965800699198072,-14.3419945141393,-4.44424345842187,0.0578966501737733,0.689589550401278,0.0158075737042991,0.167078269933731
PHH93,-0.562383053609918,0.553930856011711,-0.744520055719039,-12.7950506624719,-8.00602985699661,-0.217844073858357,-0.847876898671776,1.16006831420343,-1.40846639463575
PHJ40,0.453337496535975,-2.34132625148873,-0.506839584105361,-4.40536743331711,1.79193067851099,0.0748140327777844,-1.73220698581737,-3.13998369795402,-3.73053869149886
PHK29,-0.172852986083635,0.580006150328681,0.930137936464592,148.077049612945,-3.42211061661967,0.297808153817819,0.623809402120762,1.21052978802267,1.37862301059472
PHK76,0.986479122473435,-0.314097765429228,-0.657611219910825,30.3039498862971,0.883582460872081,-0.00677150248414974,-0.382803890451128,-1.73704143843395,-1.39259219308355
PHR36,-0.100057042277882,-0.737765950107224,0.517116351899509,190.656530145389,-5.90062462790975,0.292072256987115,-1.42901812509293,-0.509896151712509,-4.5286719125384
PHT77,-0.0204502346577277,-1.01371824402167,-0.341425715947954,97.0725413139226,-4.54822636760761,0.130907049322862,0.652928575224379,-1.08718265912162,2.12768083553873
PHV63,-0.0729140266955186,0.658003833499341,-1.35204837325388,175.648557914394,-16.41563439125,0.177061824862462,-6.9366808274247,0.462928216494947,-7.28290711520391
PHW65,0.0360760301679591,-0.728206112304515,-0.525904512142752,86.7615375636938,4.7199130798431,0.24738964931153,-2.92142923754746,-0.768771783870015,-4.6983258954457
PHZ51,0.519893513041006,0.412624243964046,2.8399626710064,82.6405601818496,0.69551111039473,0.202652366432459,8.36542453216114,-0.304908912723503,9.10420808088075
SC-Malawi,0.148186276038058,3.62480250532838,3.54734283023084,-43.8766778830781,8.35301136937771,0.0973843073560761,4.53967665882606,4.28046041806104,3.37798934243171
SGI061,0.662108996218257,0.698952385053781,4.03683463271199,40.2224528647243,-0.241110035753868,0.0281857849260861,6.32610723201417,0.0966666748017757,6.72520637259868
UH_2500,-0.497186711485624,-0.758361367165456,-1.10697165788919,-123.147540986903,-6.12863606199789,-0.194437480355318,-1.96717730314383,-0.252355598151098,-3.10489196935568
UH_6102,0.105079219967536,-0.675642076078708,-1.8727252167907,-19.7295693250183,-3.68804332061983,-0.0760820317564244,-3.20745537858085,-1.124682313575,-4.29461367279945
UH_6179,-0.20635353371146,-0.914715357326607,-1.55619021561197,-27.9232912066353,5.13517559382561,-0.0145122271919982,-0.212429091405384,-0.482919759032848,-1.56410522370939
UH_P024,-0.266895301152246,-0.355780167106329,0.402581695267073,12.0985267243238,-3.54383568719256,-0.00175966231245073,2.49160120012882,-0.0647129566093762,3.39308775317102
UH_P060,-0.0772248029340046,-0.527776666341272,-1.88534799275067,18.767735108392,4.90514699902678,0.0764558633150443,-1.25545937187834,-0.376542523580185,-0.723919393545226
UH_P064,0.578225140638874,0.0690480156638985,1.65911245944243,91.776015025877,-4.13717071187154,0.426449074161535,2.82010703851652,0.0253071531574848,4.48625520548038
UH_P074,0.0926841584299203,-1.08350773097316,0.527729886362382,15.079125630099,-3.08593232415742,0.0473631854486297,-0.590209018245916,-0.984320383874141,-4.13952525454873
UH_P087,-0.664506066188646,-0.155325681343319,-0.594557157406188,-173.514058871598,3.28953981147272,-0.370585711876985,-1.5505980049495,0.809738337023273,-2.7112003771736
UH_P089,-0.392391335434692,0.161181630303337,-2.72225447157929,60.8769880434414,1.33278609721918,0.263306089702618,-3.85378027564019,0.316764525896347,-1.9427809955311
UH_P104,0.913510916264174,-1.15611909920233,-3.12678913554056,-26.7348680121418,10.1094267401204,0.0950542166918694,-0.40597221277212,-2.17927463497104,-1.36908932820585
UH_P115,0.122556524036801,-0.115085037515843,0.108001582049876,141.730049053435,-12.5202916256051,0.129417764196199,2.83341372177179,-0.107679697361736,4.64850473688848
UH_P128,-0.305346517674129,-0.105222389461406,0.596568305910167,-43.6423571141501,8.67243575434198,0.0612160588818403,1.05744966839548,0.277306428116266,-0.814358794830659
UH_P148,0.685776786715619,0.364596349113716,1.68190285914451,24.3694667411552,6.2290937950335,0.151985185738733,2.20150905771085,-0.641704114949934,4.35656118522247
UH_S018,-0.0881881523824423,-0.373277588661958,0.624667978266837,95.5883601461345,0.693605510808291,0.286822005921871,2.42616346491655,0.0525566984021402,1.25260772573889
UH_S020,0.210525791481446,0.884608846716914,2.2529286079937,211.207956919412,3.29899878257878,0.700673356376987,0.636869365674827,0.641505635789608,1.02688629409589
UH_S025,0.11510588996513,-1.28851904507019,0.51434831536589,80.3308668427557,-6.741983886474,0.222271256385714,0.716289767292792,-1.48422710146963,-1.27493654594508
UH250,0.626180484577652,-1.106170352135,0.465655413595561,12.6728866511594,3.57348667291302,0.0614807998702518,-3.09607143829643,-2.03122455147008,-3.88781698744579
UH304,0.415936243602435,-0.341261493525521,-0.927478034656053,43.7372770550498,5.70098314626323,0.126951756775336,-2.09771559664108,-0.912406096060546,-0.397126213342419
Va26,-0.42998055526767,0.185607854492894,3.57123503940707,-23.4127437811399,2.9131426367171,0.00963291148697857,5.01574908538281,0.503209046207489,4.38304532148618
W117,-0.4888299854892,-1.47612813949959,-2.23933430557477,-46.3248102312632,-1.48534497558512,-0.179440726192865,-2.84475504662118,-0.111036120572009,-3.08715593559616
W153R,0.208350367490126,-0.391452733381756,0.637236394212383,-61.642566916228,9.06946493111039,0.07483670350301,2.37524430943006,-0.607843965874834,3.3666296616635
W182E,0.413378352717576,-1.25019699759809,-1.64878519382338,-111.139137793172,12.7028520798215,-0.0609861385718125,-1.42102974819339,-1.76105283436699,-2.26250719570255
W23,-0.500418455815022,-0.17477461728831,-0.53480083923984,-84.6672128366963,-14.1138035176919,-0.422966272110118,5.33521339233066,0.00880043866392683,5.62521942616166
W602S,-0.483257564800808,-0.307864828648935,1.23036026872231,97.0268728014972,-14.3469965031858,-0.00545425858239963,-2.63217147125168,0.0294897434843213,-3.70813215086072
W604S,0.454912328361901,0.15951780177804,0.531998159567041,-77.4220341284499,2.66569483099032,-0.148840193165082,0.854079416179919,-0.398584578616378,0.954748342572555
W64A,0.264346346795894,-1.33723272966533,-2.3753553015686,39.9838729044969,-7.83970794270571,-0.105686773838941,-5.21292145964292,-1.77155169243341,-3.5339641360493
W9,0.178202435821533,-2.56224999832223,-2.46271720384158,-100.20639147602,-8.46925770385108,-0.313368449471915,-0.463615189700089,-2.34331650104714,-1.31361358681251
W95115,0.370520814585014,-2.01928598797971,-2.02136583320678,-61.1617391994103,0.964602549722004,-0.11515014759836,-3.67190137356195,-2.48779023733699,-3.7549760918985
Wf9,-0.263026127636915,-0.698464516494642,-1.81162715377975,-87.4708597368817,5.58455792935052,-0.242186721399112,0.280537843621965,-0.522367114366711,3.24371486804417
