Genotype,anthesis.silking.interval,anthesis,ear.height,grain.number,grain.weight,grain.yield,plant.height,silking,tassel.height
11430,-0.184716837816398,-0.0435840386887191,-2.52372917949712,-38.4023966007935,-2.52124234714639,0.0350444907596731,1.21015241698778,0.391880526600457,1.94843066741628
A3,-0.820071348118291,-0.35872295976759,-2.32189036455797,-0.356068636107365,0.681773840998664,-0.0887662427902318,-1.47776583513823,0.602612453124195,-0.0878224441342177
A310,0.547088542996435,-0.736918307606335,2.95343698587403,-76.6768650147641,15.4137420163146,-0.0358035196876028,0.289901000047138,-1.89160904062056,-0.0352177789531954
A347,0.725757262368914,0.888553259543416,1.40497334841786,-114.8477842694,6.35458002043692,-0.265399928229436,-0.66242741428677,-0.282066458011112,0.392080968035745
A374,0.261925135024667,0.0332743033179449,0.744323340643117,214.015863612708,-8.44009408195508,0.249418313067546,-0.876546228951515,-0.74848127214979,-2.86627852492386
A375,0.562819287877412,0.0997308089987209,-0.0640511185035468,85.3929701744214,0.912453427430073,0.252193872142114,0.923262092197216,-1.2384893349686,-0.00803980285678659
A554,0.378345522215092,-2.26441242954322,-0.622623327965828,-82.7567488465351,2.56871553663631,-0.174615685402132,-2.04311199407356,-3.06491739051871,0.896736780170889
AS5707,0.591342126224702,0.689222086811577,4.16718122685427,234.620336100628,0.662224768938743,0.506167354915563,8.31821220093478,0.225119293770598,10.2122776344634
B100,0.125407134187243,-0.262220670447565,-2.04350273150689,-7.21558112992744,1.34329751517912,0.202938065008289,-4.12887040069397,-0.819902841084572,-3.10588513443954
B104,-0.6723298356495,1.25081046716442,-1.55373234186781,-40.5082851294542,15.5532777143599,0.0631771337272773,-2.40306641310845,2.14863647756841,-1.12842388880314
B105,-0.781767412901776,-0.346881035479825,-3.14217513630412,-12.3180472483487,10.7195753595959,0.0791517225759018,-0.677741014175504,0.542269125948825,1.0545512454346
B106,-0.145696852893726,0.729827338237682,0.0640036609123242,-0.380774224021474,-2.48834801915626,-0.197016307167248,3.17799997790101,0.970339888304343,4.10098703521592
B107,0.222643211476854,1.34868156322258,3.46455644640347,94.0421505904557,6.53060591915305,0.538506593013768,3.12259642619073,1.66946999841775,4.95827813462091
B108,0.205376336025692,0.915222442983538,0.816658583654192,6.07385435340334,-0.126338990830596,0.070413236258724,0.0978796777367686,0.138890346776657,0.547346208929193
B109,-0.332259075789812,-0.905534394566697,0.728509444302438,-115.293886836588,7.23128555354659,-0.15578065640388,2.45251535252875,-0.0250974146749613,3.34529284143468
B110,-0.460478239653958,0.431608346164552,1.42593402979435,47.1486159005801,2.33543453381491,0.146693922040495,0.149565347507975,0.867905770668294,-0.675653229314222
B113,-0.538150101845921,1.15199063227701,-1.76773103573954,167.073206431015,-10.0713379298925,0.256270172418134,-1.38135467940473,1.87388256444668,-0.216587397056707
B37,-0.530442233031318,1.46522949349828,0.377228766049169,-79.2046034923585,-4.29995460602357,0.020474564132879,2.21431916809042,2.14722975370475,3.74455064299875
B73,0.0914674523118893,-0.345515474939616,1.0923628242034,18.9848923008636,0.351487544867125,0.020012796991951,1.90095204370607,-0.288823145292032,1.49231585501684
B84,0.328786657115798,1.27553703997544,-0.0751983305966961,36.097771343705,16.5343707975025,0.380978971695022,4.15898683233001,0.739069502941936,4.47002143271054
B89,-0.474905048659274,-1.16374387240391,-3.16551266074558,-85.0250643631123,10.4287338719297,-0.124952359459131,-3.87379703257638,-0.523662038285787,-1.63681501550051
B97,0.194663545354682,0.947159778908087,0.200349256875912,209.31680849281,17.0785313713516,0.842138033366571,0.911906610225227,0.192973136678174,-0.750401420423213
B98,-1.13535203236188,1.5772130470786,1.55741334804642,189.660357404251,-6.56954905137815,0.321432500459026,8.64812105952378,2.92112479890101,10.5610023525845
C103,-0.784839369585559,0.0412119242380729,0.280223005669026,-109.731789335466,0.169669288841933,-0.322202652523341,2.21787708927734,1.93428687617984,1.32149175375413
CO109,-0.3519750497884,-1.55788758475896,-0.856077504928005,-122.670382480424,-7.51238533169139,-0.505014121322105,-2.2684250796906,-1.34300390705831,-5.59727701667517
CR1Ht,0.704038913134697,-3.12164981015892,-1.8002688843149,-90.2613180925812,16.9271312640451,-0.165342852095159,-1.19952439302336,-3.74491913360738,-3.84140144381141
D09,-0.243603450142311,-1.86737069867055,-1.70991458440132,13.8422586039041,-11.1909704374739,-0.166562457313103,-4.68811677613524,-2.38204717463333,-3.07464744162083
DE811,-0.339970298806196,0.885653859378047,0.645548683306139,121.817301667013,-7.64076546428955,0.200751629205639,2.99232387983604,1.61619034320301,3.74374203798829
DK4676A,0.409672855610314,-1.20002662935613,-0.986268611569033,-184.763084177412,12.2646610543128,-0.309488878448513,0.912008319356751,-1.44094288272183,-0.879066762696533
DK78010,0.724554486545352,-0.501207298676456,-1.55969061800278,-27.2941431392071,13.1366860248974,0.0622098961014242,-3.84911144734579,-1.31445522773418,-4.78725374955453
DK78371A,0.142846024041091,0.839991982780059,-1.19216122695114,-0.00295187670654594,2.87617381366378,0.295604958165485,5.35117316592715,0.498757208313319,5.8126210719362
DKFAPW,-0.655727423201095,-1.25354340897795,0.393808682219673,39.3912457986532,-7.85995334207023,-0.0413751655358892,-1.57712269692547,-0.63656051669071,-1.09721898204263
DKFBHJ,0.289988212883178,-0.437483462983723,-2.91755566191921,-107.82416248215,0.592188645486402,-0.304976714216082,0.851584965918175,-1.29876731491717,0.339642369156248
DKIBO2,0.192292480532697,-1.18084986953002,-0.845360980378514,-146.223051474124,3.75119800316237,-0.386317406464311,2.7949294832305,-1.693998431464,3.97661888751608
DKMBST,-0.153555484078475,1.42391831666426,-1.85872679723718,53.5174214294723,3.30935877774551,0.469974073272061,-0.621912918537567,0.602121582761269,1.16100226052345
EA1027,-0.183550362881856,0.790801654835564,1.49029120222864,-134.817788188769,15.459916402532,-0.219228032795575,-1.7911811884811,0.594138753490853,0.80474834315645
EA1163,-0.122023153441341,-1.25362848723453,-1.30539109152761,-177.330931850444,2.19831639225476,-0.399586471128455,3.02643545976641,-0.953471343647107,3.70126808917187
EA3076,-0.95956735615422,0.696864210485536,-0.325303734856528,-114.537036561069,6.84447122622318,-0.273335021614594,-1.14188514476138,1.56120748055168,-1.30489424337453
EC136,-0.260322556728564,-2.18628748198132,-2.29697119858626,-355.021507377394,8.12468991416371,-0.908747756086655,1.93923314401234,-1.65997561203563,0.708805855613421
EC140,-0.0472018646229431,-1.86506627841997,-2.18155852552768,10.878235372372,-6.33767463400427,-0.171367132035841,-3.1602167922044,-0.984173345409696,-1.14723586903909
EC151,-0.147612494847151,0.700169434596064,0.92480785634516,156.784785858939,-8.53191313214434,0.208478889668399,-4.36243022836513,0.417163546013627,-4.54541043946458
EC169,0.376479378372573,-1.95722930092627,-1.64258575469637,-42.4708753379356,-2.89345991430416,-0.334366434892693,-4.76766533401006,-2.79474973433744,-4.01251619618604
EC175,-1.16499655463771,-1.21780774974765,-0.886547820035451,-100.966306409885,-4.22602433139296,-0.399668252108364,2.93736009580735,-0.0241588088472543,1.65220504744284
EC232,0.483685750555067,-0.375569942786858,1.40499826710912,-84.232997116651,8.16660855066174,-0.178287125290288,0.171001526112175,-1.51881950192439,-1.79176477734137
EC242C,0.244458135135382,-1.78033528285565,-2.92516460794125,-22.7909374631126,0.53718208775068,-0.0144056060264912,-0.944437837438664,-1.62003790684984,-4.11360018170604
EC334,-0.326260792475673,0.187845216792214,-3.92931868505949,30.103662780263,3.0154323256444,-0.0896585616217008,-6.89050173255965,0.379526746374296,-5.51797122225456
EP10,-0.375832588625941,-0.293114810926153,-2.93783068265306,-274.856873756269,1.27950933047942,-0.899558567725856,-8.99611522102052,-0.219868024613475,-10.7389745583758
EP2008-18,-0.117977769406832,-0.614493384167192,-1.75367510746877,-114.128585619748,1.02310718662268,0.0618128435710435,3.88804479838327,-0.71940201414033,4.68190544129879
EP2008-22,0.185698137337001,-1.29691092406621,-5.64164845858491,-132.66074824169,13.7834753934838,0.128140373996709,-6.03511914669189,-2.02330944633561,-5.56451206496835
EP29,-0.288009004861944,-1.27759653044446,-1.37413621045115,-69.8963917523074,-2.77057959215551,-0.0423653852106995,-4.02934463376787,-0.964841243693387,-2.60242927387092
EP51,-0.493104634190844,-2.17438192327785,-5.23565752698973,-70.9432747813799,0.669982150011446,-0.161265464545464,-8.92192108418914,-1.32237094121826,-11.685084267323
EP52,0.490281835632096,1.68059556316168,1.55716685655625,45.0308892738441,12.3623117525508,0.289820395624791,0.268382050676405,0.516460918776679,0.868331840733521
EP55,-0.331448335345866,-0.47111589928907,2.8098333662106,4.96250804988336,-10.1180305636727,-0.147741646385434,-0.17912024041498,-0.346267817366567,2.0134850471081
EP67,-0.24044075387077,-1.11379413486464,-0.704653497319081,3.0393361158247,-5.94359179476925,-0.05199352903332,-7.6903529679237,-1.29491882697772,-7.90418474442946
EP72,-1.0387287400194,0.273758172942289,0.0383644406248459,-21.9403721629413,-26.6291340602059,-0.704445987868733,-5.36005299722557,1.23997030457521,-5.31852158668731
EP77,0.101049861507687,-1.24477572631051,16.9741126515186,-175.831298144153,-13.6561980826356,-0.75917148546188,3.23684425071306,-1.39315261258777,4.62385991369386
EZ11A,-0.235975213888678,0.757458412131726,2.29362467913014,162.982843641655,6.67568487597535,0.647395032849135,4.94571960083761,0.798015720061174,6.92400107170957
EZ18,0.468315817065594,2.74624358809493,3.44925083902868,4.8393687847498,-3.66128928125535,-0.108824481857489,2.57696405396625,2.14936623598071,4.69685596838662
EZ31,-0.850384513099893,0.83086853268522,1.18676642010266,30.5874893304255,-0.00664948003290806,-0.0972606825445205,2.90513547227568,1.54135934624039,4.28088623229819
EZ35,-0.488987912869049,0.263863016578155,0.231509672319484,14.8073821324484,2.49904418213767,0.0154961500893782,0.154649894306362,0.362449744062743,1.37323851132892
EZ36,0.204311437015783,0.947459772720375,1.66972313038892,71.6427513567795,-0.789958345287174,0.204217607862673,0.456138076477116,-0.0233701331384901,-0.943504443730075
EZ37,-0.347213677747581,0.880544387302095,0.914753999815496,86.3557680024172,0.655283649415955,-0.0423625926180479,0.943408493346665,0.71553275022547,2.19656324836186
EZ38,-0.245731056018727,1.61313130831737,4.08183783475206,135.513743766346,7.1492806199602,0.455137604896416,4.91299241288648,1.35252271149032,6.559271980699
EZ40,-0.14000074123435,0.463361005770588,-0.101796611312726,139.651844838427,-11.0363848319062,0.283284608125666,-2.95124153485136,0.476709314777703,-2.88932506496389
EZ42,0.101215536206765,0.174616330145434,0.94297453396846,102.893953243734,-1.99242396992662,0.346528227622541,4.56263386874217,-0.0579671998917517,0.80164492352499
EZ47,0.00573262896940735,-0.00462120407443924,2.95101885367902,-2.4516859073269,-2.69714932469458,-0.078175196285819,1.7162993845834,-0.699162997911544,1.02520761303653
EZ48,-0.794453867422385,2.1178986708406,1.99397869513745,-34.2228441795423,0.285139655417389,-0.0585166275297544,3.59282441976902,2.92980407076028,5.87759469092435
F04401,0.0326778665696474,-0.00748352358414639,0.38577141106689,-68.6239846495186,2.65570751692279,-0.0859515260529728,-0.691900515560022,0.518751412309453,-0.068455437652167
F04402,0.196151139140621,-0.358552135050994,0.364956614230248,-72.8049501882338,8.3782348080858,0.0348337605763973,6.58084784041717,-0.105439258614474,3.28077111032786
F04701,0.508576435367874,-0.780988945142272,1.11239002231369,22.4560226202795,2.91418957797866,-0.00209647593895901,1.24169588091703,-0.069035687624295,-0.322993440232216
F04702,0.00431141916886445,-1.74865127472685,0.594082367672441,-139.533506600327,6.6675709869787,-0.434953053804166,-0.497657435464595,-0.823739122473085,-2.27395737965954
F05101,0.00806154110655877,-1.25849211414183,-1.72036800623162,-25.6670299166511,3.73954509889344,0.020117245425601,-3.05367328041635,-1.02384228635886,-3.1540958443992
F05404,0.409309255979822,-0.103069342964043,-2.13443253853886,118.86767614303,-4.26345985976252,0.372395380436511,-2.5886907778359,-0.880737768742231,-2.76026509398559
F1808,0.378611587594396,-0.343717377673906,1.17814393072637,32.6206565373921,6.89670480897778,0.0530858470747143,2.20911621748283,-0.631474670563579,-1.34662376404588
F1890,0.465768999991996,0.504741047827789,1.95499540787059,93.8464772566017,1.54940986029487,0.338572183010855,-1.91472748490425,0.23897603064682,-0.846548857025642
F218,0.726813392802965,-1.38203441079513,-3.42090164155502,-7.06429507580037,9.09105394161631,0.116374338960494,-6.5444682648857,-2.99897219476163,-5.36634103590412
F252,0.343370510369386,-1.54343435065672,-0.611836610210226,-202.16455749804,-5.02710321781707,-0.52898397322924,-0.631165106764727,-2.18159295068044,0.42697388332854
F353,0.317749544087797,-1.03504234370216,-0.333978900814887,-100.407723305131,3.01498716518942,-0.249417852106533,0.879518631734655,-1.3120145726232,1.52275828111752
F354,1.46560867611499,-0.992425654163979,-1.49245808648847,180.437286377761,-8.81056943524586,0.0911347351863375,-3.35644870239737,-3.20014583427716,-5.03735348185413
F608,0.2617145117528,0.295495322830714,-1.49446180571115,-77.9690478725316,-5.52360567760342,-0.2668359473078,2.23316712508008,-0.132428725585148,5.01125509255316
F618,-0.304148395310041,-0.681837587804268,-1.69504909826213,-103.888038717637,8.80698708651961,0.0599144979187842,0.402544539467119,-0.414967375920753,0.408660266763329
F7001,0.737421024373525,0.443968971756966,3.66497202946032,90.948734004096,-8.66787854209959,0.0834143167139978,2.99118945914548,-0.352588284837478,3.14459801322735
F7019,0.324216426134831,-1.38937218852065,1.03542645396481,81.2432737982515,2.08948203398055,0.12214786149192,-1.44485036838543,-2.55022662221048,1.16775889527516
F7025,-0.608071191632905,-1.42113996703358,-1.62254992990402,-221.829344676637,-0.954206800736537,-0.607187600790519,-0.444746380828951,-0.613957743789523,0.376471143536598
F7028,-0.194040181798448,-0.514549883970643,0.619566999351302,0.694021607018203,-25.4594775792519,-0.581483087240963,-2.39057884317069,-0.226570633854616,-2.95507295869651
F7057,0.82591999105546,-0.207383893399705,-2.46372827412423,9.43331271160334,4.15962716177689,0.0720690830794245,-4.43855791424578,-2.09808962840059,-3.24406056338278
F7058,0.27107121057276,-0.963072441042933,-1.64920467966388,-0.401511260680765,4.7999234806219,0.0778871103140807,-0.974814468221533,-1.83087217234027,-0.665280913458697
F7081,-0.0249526314657441,0.238134000992467,2.34918048967693,74.6778174410515,2.60655312626414,0.143795384209567,1.22395802362154,-0.559907621700177,1.83917162440054
F7082,0.298827658804794,-0.0257130302712721,1.08689754865579,66.771434701909,3.9379455416047,0.0894221368147271,-5.53330995154062,-1.18156054056312,-3.54675763139425
F712,0.24123412817484,1.60988072846248,4.7994289977117,112.481256619994,-7.60322453703702,0.174635133272168,8.01053992261583,0.872043605373621,8.11326484116273
F748,0.180548289947052,0.883452113813223,1.07265008379762,43.5304702964183,-3.63150650243052,0.0151973525289061,2.18121030090665,0.338334038334931,1.84691581742841
F752,-0.0728980297044195,1.57389129317538,-0.520828150817311,114.560769089798,-7.9993698776818,0.113895966688253,-4.29974717117531,1.19414662589921,-2.79526134558728
F838,0.503091285281813,2.12166216416589,0.190159266952698,176.238698015965,-5.75788533835485,0.248270340612745,-4.65694352420137,1.16843030348226,-2.59102481442676
F874,0.216745319928317,-2.33317480844353,-1.6385034385296,-204.363587002594,9.76456068592379,-0.206350709810344,-4.96443535467969,-2.63305715943289,-3.6645289075157
F888,-0.764706177583827,0.39224568789303,-2.79539332672739,-111.611326752806,-2.39197622089623,-0.492174046307718,-1.14543895708876,1.07777791577673,1.20476871468838
F894,-0.46391006638553,1.17654702020326,0.909512796526886,-53.1945989793663,-4.53640942883089,-0.125563003145003,2.64237242519975,1.82314150007031,1.70796005317759
F908,-0.368328825682166,-0.915810477700857,0.811185752340354,-189.936288349175,-2.27205586608833,-0.545313695749877,0.34434579421527,-0.637043537015549,1.27809640536364
F912,-0.308486455443355,0.0268872284811851,-1.570600567917,-19.6279417123352,-8.2833030506061,-0.195858166089598,-2.19712416561649,0.777794842685069,-2.62632556751683
F918,-0.774755730384459,0.912041720852928,1.56401632536684,-51.5614609699505,7.98896864510238,0.14349547648039,2.54033563491574,1.64521160516307,1.85943408752213
F922,0.550691427726569,0.0215131147928678,1.69333085569777,178.093087369822,-3.45714026494902,0.234789732434917,3.40421922475154,-0.819576029264878,3.96005904550018
F924,0.553344417074381,-0.633974950249272,-0.177949167963011,101.490377130414,-0.760696964485467,0.153539409604444,1.55617153043346,-1.30992665909229,1.59392759230909
F98902,-0.0239227033287911,0.314637672481246,2.76940592799936,37.910161155546,-2.7974822624733,0.11294290612651,3.36740579165057,0.542817712590329,5.4724907218361
FP1,-1.30372853232233,-0.935523375018422,3.36127053589822,-94.5232522375091,-13.3902551298245,-0.531666135855969,2.66130421674489,0.230143396912996,2.70130739742439
FR19,-0.0776806482599198,0.379265174916066,-0.90591947978537,-42.0453329805987,-4.91963834947924,-0.201156160826797,1.12051609291352,0.390579533241873,1.75373653888365
FR697,0.241298353076551,-1.29668986284838,2.230510785009,48.5910895201507,10.1563620028505,0.181517757349147,1.58467461865855,-0.56811182969398,0.512338112557542
H99,-0.466254720855179,0.0591336462296022,-5.08329446427444,-64.0785814283008,0.334606341648655,-0.0278362061870027,-3.56293324641104,0.0164739127348582,-4.64710855764768
HMV5301,-0.243981448328623,0.155584005957959,1.31677598297136,-102.263322894822,23.6171720199695,0.13771469822637,4.80079222506965,0.688721912003415,2.4663654141373
HMV5325,0.442487897352309,-0.0695779607790996,0.494672775307428,91.4786743357649,-8.51067661696985,0.156310712087472,5.9976733619997,-0.67895788271652,6.31904902872185
HMV5343,0.184068526802597,-1.64009909195364,-3.26396509359957,-77.3753077787198,4.74848625145826,-0.0676309940723453,-3.42290124064442,-1.34839250686747,-4.39528167331509
HMV5347,0.403302379345853,-0.354031749760682,-1.31508184591913,-81.5355535155693,8.55417075574827,-0.112646689573024,-2.30949508076511,-1.07255665462645,-3.14703221572558
HMV5405,0.694616254789995,0.372820019629188,0.479869443875477,19.0713226733044,8.88368547655761,0.342885145017863,2.0139199665689,-0.238738728710028,-0.226148158739273
HMV5409,0.886476493847722,-1.64539197014417,-2.12616330619458,-6.28108302457653,12.294851799222,0.17820315200593,-6.74486433584829,-2.42937749117218,-8.02700826581283
HMV5422,1.16672823928602,0.643447517178416,3.27645678464442,175.104131090662,-5.85611429408835,0.52675336170367,9.84641065865329,-0.981125200035764,10.6530260024703
HMV5502,0.0275229094103434,2.07428703411636,4.84229217420987,48.1137650070354,3.55659102708165,0.317208589839024,4.01744191610007,2.31097335019087,1.69006497818421
I198,-0.7610960999318,2.13699902677832,1.18828152481198,42.3879060039326,-0.482994975896583,-0.0253351434318068,-3.04388230517796,3.09262852987121,-0.140468142494018
I233,-0.499998021283804,3.93830489298514,2.58542024348127,-14.9907467151835,-1.63696152141424,-0.211300319109816,3.99433771425587,3.16941224643823,4.34391364894762
I238,-0.776846531875952,2.13804733810371,-0.343268242846101,103.942552455701,-15.5881950499666,-0.0409416184597256,2.26638199690129,2.58487372156172,1.7106790446152
I242,-0.942942308336508,1.57330088538331,3.12669128023808,-67.1356934969786,-0.854310615291258,-0.282657010374633,2.05734068402427,2.45093889184787,1.60279153845111
I261,0.117870309659755,1.3894006332687,2.13378797586331,1.76052841638271,-3.93625558315214,-0.0963392731292201,-1.34575155885071,1.15311316468247,0.353262552089968
I267,-1.00405162159758,2.21714106049426,5.43211537244697,-5.8099711197177,5.26573513696906,-0.0373613621618973,0.0305317239097616,2.78562740268481,0.269851844911168
IDT,-0.883185816469892,0.295116388655571,-3.21468758814788,-166.906593056487,15.6883343369059,-0.295970579430467,-2.90042752531858,1.01012193612562,-4.52700513549628
LAN496,-0.189588006455386,0.294726114388096,2.41847016858144,-41.3312631813785,-5.68709389439384,-0.451523124977444,-0.697853832112958,0.817185030629682,-0.957314890504546
LH123Ht,-0.569041356975188,1.04774606291225,2.84485796237635,89.7565955332386,-12.4813069511633,0.0336719882169954,2.87716530884572,1.88436058355769,2.01102623778212
LH145,0.409589731890962,-0.399410547840987,-3.40395844099143,26.7322442735017,-1.63431092273896,-0.143683447181319,-5.06733216047432,-1.18263980709004,-3.4588146404316
LH38,0.154120307139172,0.0612081153487474,-10.0782625932939,32.3208930018015,-3.28390938554512,0.497121156489739,-4.22817910534833,-0.517535276985932,-3.35497008238787
LH39,0.404271027532612,-1.11902919654548,-3.89323817737801,-4.23213653127227,-1.2555186619677,0.330219286296285,-5.29884925073612,-2.14718579311846,-0.552977126425341
LH59,-0.0825986841663284,-1.76806733471109,-1.72906572179124,8.01223197220607,2.37148338249397,0.0142465898070647,-1.30643786572741,-0.809581142766714,-2.21473762545024
LH60,0.223097363183458,0.440914943277932,-1.01909292832539,117.522036806637,1.86567774394604,0.132907013312516,0.615738617173059,0.919069131845765,-0.547979045564284
LH65,0.457429059525222,-0.741289673016729,0.904658730485924,50.961177450951,13.719281354076,0.0771936843470623,2.69751104892269,-0.35460924478844,3.06652200380948
LH74,0.497993663815214,0.0720540308608014,-1.70258643949625,-115.95686526064,-1.57167906437321,-0.433042946624058,-3.48007414695303,-0.419002907679256,-3.21340423779161
LH82,1.4265197852211,-0.639499696895856,-1.8533708414724,237.883928029503,-9.29227194234729,0.288411790085759,-5.63039234406425,-2.81386846591357,-6.07225780014989
LH93,-0.117329494684423,2.02886234685749,-0.704134862737441,199.666696959037,-1.03510113388309,0.525581327292616,-1.6267091093504,1.84687398247509,-1.88148312220736
Lo1016,-0.271028412672081,0.772792084552523,3.63370767693951,96.1647453527316,-2.7816982640679,0.174550789977744,3.48514983299989,1.38013716241412,2.76327631306306
Lo1026,-0.262505278574995,-0.691165112820338,1.12156399159543,-2.05810196123514,-5.95604790961875,-0.0295911206193954,1.74453157213005,0.0244999725403222,1.69855690982117
Lo1035,-0.252473429939575,0.51840650299299,1.88843367165141,4.79393125180409,1.16668474678305,-0.0564426375170078,1.33222918917435,1.3108506100787,0.765366569060566
Lo1038,-0.779358516956877,2.69117648628314,-0.524835256358842,197.141594415422,-3.66067249295472,0.507599308069894,0.288281807776461,2.77469116696357,0.0901328967234641
Lo1056,0.049089651290996,1.07537004670931,2.29617944909499,125.140590934691,-9.15846117609447,0.134353151935544,4.42616247303854,2.02838261640452,1.99876806365305
Lo1063,0.975286332269027,2.00516261161125,-0.764800858211515,92.1333313046114,-15.1602530621399,0.0586069541751307,-8.41777773021169,1.0937722210642,-9.91074813821829
Lo1087,1.09424035315996,1.76591383623305,-0.246388012392882,47.7821116650921,1.48206644682083,0.286675389700199,1.55342447806358,0.955443860741856,-2.23948590788852
Lo1094,0.230515110456628,0.00664773384222657,0.249318956579258,8.74385712769128,-9.30151483240336,-0.0981388069053284,-2.02509303939674,0.360830443737458,-1.06915968818758
Lo1095,-0.432143344973007,1.15040366337898,-0.630452226870539,82.4065687916235,-2.70853651733212,0.366682973253331,-1.9068977810427,2.0683534393658,-1.72966166976505
Lo1101,0.209229815360195,-1.02794556837068,-0.370082711900878,-18.0997506195901,-4.37143165557398,-0.0381328983417348,0.416913029440716,-0.727243964904204,0.546432103325443
Lo1106,0.0373049959425669,0.636192230797693,0.403527281878919,-159.614973881218,4.37914733504954,-0.192409299213741,-0.21273726451648,1.02943741391215,0.440162991901759
Lo1123,0.438293692258099,0.614686631577485,-1.60418047214287,-38.380808012306,-0.836188808318732,-0.0848146486969029,-0.893871420894423,-0.0182571324912149,-2.0159978581221
Lo1124,0.370021973556715,-0.541501984586423,-0.857344025978253,-81.1306877437499,-9.23878881034705,-0.420210935937811,-0.594421730762871,0.352012765601598,-1.82212601756185
Lo1172,0.930534677412263,1.21039187698147,-0.14828104727168,29.8544665054945,-4.12983824386123,0.105773185904902,2.82651039314288,0.472540784463783,1.8347007581673
Lo1180,0.137951679679636,0.090300403257597,1.5644259148038,-40.1561124681106,-6.5107386379582,-0.118544775346645,-0.0119132721143598,0.368978579879022,-0.314782374871554
Lo1187,0.053813880568773,0.0151484115409576,0.189408988015702,-66.0030492408056,-1.46974200523757,-0.19686824355153,-1.34500959710586,-0.541235058210744,-2.19613404178527
Lo1199,0.369054206743657,0.88858447836178,1.98963753991245,19.0155499668972,-2.66292108202944,0.0770743696228857,5.94548222945658,0.756994062207477,2.7400741273681
Lo1203,0.185963836645405,0.887861529482684,0.663306212667512,63.8050478311574,-10.0798963792087,0.0712031743750649,4.37882748611601,1.19614601514409,2.62118667658891
Lo1223,0.287561336847166,0.212431150456499,-0.232921029227666,-19.9244328361835,-1.38746277243226,0.0589212344514338,3.07081596150601,0.659968357065408,0.253741371432874
Lo1242,0.26569208321268,0.00393821713065557,-3.1887014471434,-29.7190147397581,-6.03328824766155,-0.182281891756206,2.58067483682728,0.423271489612984,0.588371282548
Lo1251,-0.139039718416817,1.44662895778841,2.14559810911969,73.8132056999057,-2.30204689318793,0.198908627519683,2.89156123338986,2.34487329525308,1.75905979052139
Lo1253,-0.147103047119961,0.995442936584573,3.95943304293084,16.0522457803817,2.14147741703409,0.157848376586515,5.74377517809181,1.86271570076746,4.43728375540331
Lo1261,0.200574517975587,0.445438831467629,1.93625982619022,199.016075589963,1.26365159678301,0.475518056620528,1.10773226751599,0.525785842988513,1.28594223401916
Lo1266,-0.0334788738568976,1.40026541750073,0.108416210841061,77.1734613995701,-6.08374407745417,0.222686540696145,2.3698552245003,1.64750612962896,0.396049169003964
Lo1270,0.573940870150709,0.556096110515827,0.77022022656892,-1.72147640296012,-8.52249248159921,-0.144615568165435,-1.21307798935387,0.93335244416602,-0.686985234113107
Lo1273,0.43953734332712,1.04038038440952,0.509519276247664,27.7723978680515,8.73653295156641,0.347588899099158,-3.58154148898507,0.839863343467943,-1.53451500255257
Lo1274,-0.345310382605186,-0.151405560112147,-1.14102356854705,-155.627015586261,1.98031565480793,-0.384402008293939,1.89042263120481,0.946803704736938,2.02910850805673
Lo1280,-0.237960521167793,-0.209780672867452,-0.720808976400436,-236.34950005188,3.54526349249308,-0.508964512905288,0.325210215771611,1.12901409858208,-2.13288169547144
Lo1282,-0.579916877676087,0.599705094402517,1.1966285338491,-177.656255899596,4.93264475601388,-0.33694374789844,3.74086693429079,2.21716324046076,2.09318079526399
Lo1284,-0.992972190043664,-0.881142990030752,-1.87936898317459,-142.790992898151,10.9798176609732,-0.197579588511684,1.65643933791422,1.36556741108898,0.0565717982353286
Lo1288,0.575798210649426,0.943511987071062,0.734437674833492,49.8766199791046,-1.01120359982753,0.240709455393978,-2.53880092236531,1.00679127170909,-5.25312969793218
Lo1290,-0.174013004362588,-0.498596717849944,-2.60900789037971,-50.3725718623979,-4.23309133940925,-0.186716183032036,-0.351178187067847,0.700569806752697,-3.41478690262375
Lo1301,0.790694597052255,-1.10410043991847,-1.0314468608507,143.560249544007,-8.97763989053434,0.327946705302456,-1.6666121715205,-1.25044465705779,-2.759155915613
Lo904,-0.295378563542725,0.00744929393327622,0.97125057098952,-20.1957269332463,4.29955258356439,-0.0394327051916833,1.70205677435164,0.760667491532491,1.87135803432486
Lp5,-0.158088508656308,-2.03954725560447,-1.26731112835673,-105.728297308591,2.53478020792043,-0.119452100499656,-1.37011865669256,-1.61858026532967,-0.67919253528606
ML606,-0.0424368078669799,-0.828389860873636,-0.759979074009639,62.1212648945749,-4.31564457680815,0.426634481797893,-0.176938091963594,-1.34702615938341,0.176300362218886
Mo15W,-0.655972368177787,1.83013642604817,1.25877381123235,-5.90675685538083,0.152001733373061,0.0378705830126873,-0.167747301814805,2.79101602983375,0.0342676163865638
Mo17,0.34118165943858,-0.851642744037823,1.5148017665654,-83.0571911714834,9.49227463029345,-0.21807506794538,3.00768060359557,0.0220571790854843,1.28455233706983
MS153,-0.0729557665424836,-0.763439254075041,2.92675905838623,-78.7984220846136,20.5579447275486,0.137686564048951,0.0872303395902659,-0.979428129718905,2.76871232490346
MS71,-0.129768895176652,-0.374738109601951,-2.08941488973348,2.79294696756548,2.56720511247026,0.00114787057993673,-1.29214992779156,-0.795431523456519,-2.53026980384938
N16,0.00885151618005289,2.63851898086139,2.85494099146116,142.862540297377,-9.34059837298456,-0.00297053128257805,1.73721831937585,2.62766480298019,1.95697444111669
N192,0.118205082063038,-1.20538099720541,-2.45024067245946,-41.6842823675515,2.62817712518576,-0.200915201004785,-4.38774127323004,-1.07122563873134,-3.05404927103681
N22,-0.282691322438947,0.903424556587222,-0.0884618256973706,-102.835858040153,-1.80624249601149,-0.299409977004645,-2.65377772795026,1.15439007996185,-4.4342369283299
N25,-0.812995178581807,2.13158615275163,-0.300419102272487,-80.1275462810979,8.24548033713843,-0.211731374857376,-0.442522563418017,2.97956682596898,0.876362049081853
N6,-0.0659417128494364,0.333288578208362,-2.56451666641264,-74.4083446310527,2.27380896736228,-0.177799159142819,-3.90403670638835,0.198695286181792,-5.33354767528051
NC290,-1.06745213112633,-0.321353362541252,-2.720004732265,-44.0688445376455,10.8007381394047,0.0909749154772129,2.02855536472297,0.909660886718065,1.63316384207311
NC358,-1.20398515772495,2.19953014411483,0.00131750025677092,160.401654323879,-11.8052220591916,0.0624605442773538,-5.50988867420481,3.27658841035239,-0.584470063594452
NDB8,0.35252525624975,-0.985417339269996,-0.292432114329773,-169.767234402342,5.40384472699852,-0.495872115542373,-5.71127476116834,-1.75474375995005,-5.98252960662435
NK764,0.38222435553744,-1.69780221229394,-2.79471968837473,88.8216262241001,0.493438522640394,0.138244280939083,-3.21827484699057,-1.68862493156534,-1.00094026795977
NK807,0.949361937313605,-2.18276578097001,-1.10823455923838,-63.8814254327367,2.54085168380888,0.0379087618375729,0.992810507693109,-3.39462449588155,0.40262454286363
NQ508,-0.436646574199269,0.70706553025477,2.11602799070591,-111.300261284446,0.0232578209694354,-0.25915737832975,0.999784192239723,1.6262761965565,1.20394609653642
NS701,-0.121907325183379,0.113047023794609,-0.368288076827822,-20.6240417856395,7.25703683758314,0.13730409300778,0.189762122268458,0.237894266534221,1.53716121697858
Oh02,0.228032709561317,2.23319833550151,3.71925386420937,190.903595835291,6.86564961183323,0.638460281117983,7.75237582118977,1.7036600593598,7.42059815210403
Oh33,-0.368822271988356,0.392538805729954,0.660140458212689,-125.450379754292,-4.55244864393572,-0.493731589435087,0.840197057579948,0.597172968015869,1.60787885847238
Oh40B,-0.162002422436965,-0.307617835437724,-1.58678393013636,-53.4489087939412,0.173639387116819,0.14520842495622,-0.46174870876949,-0.2205663872357,3.19426654572872
Oh43,-0.19459790182085,0.199282066135565,-0.99454597778882,42.9320749708247,-2.72667537525333,0.572398656240226,0.341387193023275,-0.211849486228885,1.93923441313049
Os426,-0.358292265197077,1.60079390422872,2.52303098824932,-24.006406647355,8.94930774926182,0.0550804880858626,4.53028573186589,1.70043592851102,5.42269646419371
P465P,0.201145629918732,-0.255251592901573,1.24761098268604,139.127953839406,-4.99191606268722,0.415429778710689,2.12415654863717,-1.19467108665146,2.64950038422455
Pa36,0.448952025905239,-1.71979892805696,-2.10130830655103,-66.9468237112163,-14.7181687243879,-0.57604853506271,-5.26725606233428,-2.61922408275223,-5.67801427249089
Pa405,-1.66974598991952,-0.242486857101103,-0.18100470567751,-117.444056241247,-10.0546105101302,-0.436912063186858,1.0116071558375,1.37884664867303,0.118072701953927
Pa91,0.0205610158176478,2.37398201790184,0.179200389252569,125.277252966026,7.60824616972996,0.600308933857882,1.54755130819135,1.97300934253912,4.67110455142203
PB116,0.153387834987265,-0.163339456228215,1.11752735158759,11.2661570348874,-15.143153671897,-0.264596364068704,0.691894257515857,-0.432714257735756,-2.40696325260186
PB98TR,-1.00176873317249,1.06043988144765,5.49058816344994,-63.9685938742901,5.44746189895407,-0.11968950990971,4.21240003577889,2.11499345827553,4.79998976228769
PH207,-0.229585694322749,-0.387252077572059,-2.91670032596702,-62.1843873690841,-7.97401664552438,-0.23605824693646,-4.73062802692206,0.088895851402158,-3.74824593478703
PHB09,0.147754676805063,-0.0320745915810641,0.374530296799403,-109.816190182716,9.14657609026327,-0.00472833025638786,-0.336885866521331,-0.535817441021062,-2.48421524233839
PHG35,0.360034099118434,1.51318079668256,1.29988069797221,189.171516029079,9.56564313459607,0.581601959809757,3.06903715403813,1.36756504968751,6.59084622292634
PHG39,0.395040235532836,1.4381395945504,-0.0868793506557505,-41.5068538915377,-2.71541396298367,-0.026474380920992,3.31611819603848,1.40800224392616,1.77777856517044
PHG47,0.876449937467255,-1.43737134768941,-2.12907418641499,89.4951497243171,2.35971355204411,0.328241468871752,-0.292868141047248,-2.94750070492205,0.1709489684189
PHG50,-0.515467650219262,-0.357261470452377,-1.07963107796476,-54.2251552531101,-6.24456536472305,-0.194431117828615,-4.40005499624186,1.05839162236029,-4.48951800703082
PHG71,0.225399895485307,-0.233725698972688,-2.17222466832494,40.5320780793053,0.882414557024022,0.0151698320387517,-4.2307852373319,-0.684266724241072,-6.75785685414117
PHG80,0.472522699384272,-0.487706161407773,-0.540072013873318,99.3767017059486,1.150416677353,0.384698749999003,-1.44924763209265,-0.877857409374308,-2.3696471096181
PHG83,-0.518486519209849,0.494190999259976,0.677662261492934,64.8865870748848,3.90551980500206,0.388244029613457,1.21714036185941,1.44507507699573,0.215759125557438
PHG84,0.562599404051508,1.04307064788292,-0.902236719868352,28.9960923396132,3.20076941842782,0.252090436521244,1.49017810112341,1.09600283373693,0.767410008434201
PHG86,0.382985094556259,0.362105368437627,-0.284011220172233,-14.3419945139459,-4.33808007848228,0.00962214615641425,0.919642670689626,-0.225661499948154,0.288618526336598
PHH93,-0.469932052154772,0.0693912731907656,-1.23786831404708,-12.7950506623484,-4.85783158256314,-0.144945486431082,-0.391558769234557,0.903630828992645,-0.929408507369689
PHJ40,0.545868758539215,-2.58631260556576,-0.269754066532865,-4.40536743320056,0.579182677717003,0.050771706346175,-1.0296255050122,-3.0033785576921,-4.12021610298631
PHK29,-0.091404712479833,0.604300924656558,1.09171498498201,148.077049611166,-3.58250757235899,0.405947821807,1.1142959730099,1.48576230811211,1.24476624201891
PHK76,1.12591874431583,-0.660492498419177,-1.13495422191989,30.3039498859612,1.9255037676699,0.060476236169574,0.329605622611921,-1.8106950456495,-1.34849387187831
PHR36,-0.107476812439528,-0.0115193681240794,1.31150998966678,190.6565301433,-7.58943014247661,0.286829399665271,-1.06814711474286,0.401585053837056,-4.59933079132483
PHT77,0.0719571854081395,-0.628298142758587,-0.473852085259489,97.072541312877,-5.78885296184301,0.307154265097742,1.21595792362066,-0.535906444465884,2.5519313382261
PHV63,-0.0246909378453105,0.541590710458989,-1.25903517263081,175.648557912301,-14.7792656886073,0.245864147497158,-6.49204808138558,0.638801707595384,-7.76170700147097
PHW65,0.199487912633752,0.215767026870266,-0.0291620798707534,86.7615375625965,1.13972380571964,0.424605665117051,-1.93930760237311,0.414753451888173,-4.14018856477362
PHZ51,0.566304029380072,1.14122284267585,3.82664070974732,82.6405601808722,-0.739191928950845,0.256435269874596,9.10483602904531,0.734808268077279,9.21058847363224
SC-Malawi,0.0861390859608276,3.74276639104726,4.20900560019214,-43.8766778824762,7.03370060028451,-0.0162244544200018,4.07180197441311,4.23967074612466,3.34694362766994
SGI061,0.660480319906777,0.501738747223282,3.55764962472958,40.2224528642627,2.9163801383118,0.21238465184023,6.49267497476308,0.088945401712213,7.3898861486873
UH_2500,-0.55418312802404,-0.817749437910823,-0.578422168109936,-123.147540985524,-10.5953362153299,-0.45197958668663,-2.55075192547298,-0.665441918986636,-3.02115912725311
UH_6102,0.181539454542591,-1.10557075996978,-2.39952955913258,-19.7295693248325,-4.75145143180894,-0.166965739814543,-3.25154945599524,-1.7096861291402,-4.33126658234202
UH_6179,-0.17874811569035,-1.29046489386162,-1.84938732556105,-27.9232912062033,4.24628603738913,-0.0831452432255362,-0.214150195444825,-0.884484928906228,-1.2221181547075
UH_P024,-0.174446974963972,-0.867691427508559,0.123322370908716,12.0985267241435,-2.4546178012825,-0.00917920255753061,2.81540958895394,-0.495299718131805,3.76248316823107
UH_P060,-0.0845247448973029,-0.927720727797322,-2.38032540468759,18.7677351081341,3.22409917026446,-0.0390531058461496,-1.42837294939181,-0.873718285662864,-0.728768760890872
UH_P064,0.632011938103098,-0.420345127018221,1.31320822097803,91.7760150247825,-4.11030150225393,0.389910776485349,2.83726011744003,-0.499490900772636,4.65612820404112
UH_P074,0.140681303062548,-1.44279701563406,0.158733691469956,15.0791256298899,-3.44208077489924,0.00229386171589518,-0.549169406489422,-1.37924386805191,-4.03304015070886
UH_P087,-0.59163539872107,-0.782594563274014,-1.32782430314109,-173.514058869625,1.10764624540502,-0.529411541406525,-1.76520249857333,-0.11135151198451,-2.79044376002516
UH_P089,-0.39074676125575,-0.0633483915537472,-2.6902084963957,60.8769880429328,0.678196338371689,0.19001403483623,-4.00952424137408,-7.31256665859534e-05,-1.62904187974825
UH_P104,0.86795173355346,-1.60927422786723,-3.6278006530672,-26.734868011884,8.78270942690888,-0.0698112987113879,-0.878408358332321,-2.86281905007426,-1.76318200086549
UH_P115,0.176480493261068,-0.73854439753573,-0.393387272475524,141.730049051805,-13.7023768654178,0.0282138699073743,2.81101297490893,-0.82415783284209,4.71509606676289
UH_P128,-0.2715358950208,-0.673419059370845,0.225088802037956,-43.6423571137006,7.16461778621899,-0.074539195901394,0.889286515610229,-0.468097879084954,-0.865391362485457
UH_P148,0.82270096087312,-0.219908116738305,1.16399776709214,24.3694667408271,4.27284628385533,0.0646027332540139,2.13822397289932,-1.51379431324572,4.60120449683641
UH_S018,-0.255387645494638,-0.256664445031981,0.737944412781761,95.5883601449775,-1.53408749861397,0.153826029770647,1.86378066943502,0.0485058233680734,0.936228126991615
UH_S020,0.0752044609052748,0.979403682280687,2.34655370674428,211.207956916873,0.601632141725841,0.572602977474638,0.0545573707347927,0.562063809243481,0.65009865499088
UH_S025,0.0647524304578841,-1.27241474143979,0.391047600578006,80.3308668417393,-10.4368407162975,0.0916749593837103,-0.0115152765563933,-1.95142497122459,-1.63557517079135
UH250,0.534429463710144,-1.41696145778966,0.221255187457729,12.6728866509837,-0.776028865273456,-0.218321391511574,-3.7699286109057,-2.66737874016697,-4.44394610144258
UH304,0.51705584585633,-0.776413184151209,-1.14596868781498,43.7372770545352,5.64071094630068,0.0823760384388253,-1.86729576685966,-1.32815398809689,-0.0487205230713852
Va26,-0.425898054382033,0.039612482684393,1.72416853078259,-23.4127437808869,3.21094194519208,0.340080078942208,4.05511083369394,-0.317718376953521,5.54711181535599
W117,-0.108399638300143,-2.00441047596902,-1.76514595275451,-46.3248102306407,2.60162878908176,-0.152659408986202,-3.65056549996549,-2.03423612360985,-3.44130836288642
W153R,0.162594248462015,-0.320299480641855,0.309210543824501,-61.6425669155502,7.0843426223815,0.100108786174684,1.61755827809599,-0.986802065778645,3.81180596463157
W182E,0.380748155280562,-1.14513130700388,-1.38334392624375,-111.139137791826,11.9904140234595,-0.1494275550383,-2.09996835386442,-2.10883845606916,-2.30162373740747
W23,-0.685039917217722,-0.0736252025765903,-0.208965719891129,-84.6672128358873,-14.4767696539709,-0.492376633923821,4.58988247104482,-0.11353442095512,5.69323095076719
W602S,-0.471612459651518,-0.950221487817926,1.12814131755867,97.0268728003568,-12.7579959031178,-0.0981779330184242,-2.38214860805389,-0.430778885210643,-3.85309074783283
W604S,0.495667816360047,-0.307095707103976,0.303196834772155,-77.4220341274684,3.57879726883626,-0.196543720523683,1.15998885799401,-0.69394476621908,1.02209876780566
W64A,-0.182940810178784,-0.931014684228147,-1.35158757227991,39.9838729041517,-2.19142124952953,-0.00936018812583066,-5.34863326984238,-0.579949360338819,-3.57460616825437
W9,0.107071021120119,-2.39645227498751,-2.20058909024354,-100.20639147479,-10.84784822626,-0.423952337283791,-1.15161600420992,-2.57273217468086,-1.29869571768989
W95115,0.302117153659247,-1.92134113108846,-1.90909349063892,-61.1617391986683,0.229035079266183,-0.172506107777665,-3.92713123280876,-2.46989516304978,-3.81500107285547
Wf9,-0.76584367359465,0.183496396156017,-0.888350774729916,-87.4708597356818,10.6278088884981,-0.083418385121098,-0.140554174620191,1.06035004795593,3.35059970844446
